//
// Created by archeart on 2026/5/23.
//

#ifndef APSISUI2_FONT_20_H
#define APSISUI2_FONT_20_H

#include <stdint.h>
#include "FontBase.h"

// Font: SarasaMonoSC-Regular.ttf
// Size: 20px
// Characters: 607

namespace lui { namespace ext {

class Font_20 : public FontBase {
    using FontBase::FontBase;
};

inline Font_20 f20(FONT_SYSTEM,
{
/*	 	*/{0x0020, 10, 20, {0x00,0x00,0x00,0x00,0x00,0x00,0x00,0x00,0x00,0x00,0x00,0x00,0x00,0x00,0x00,0x00,0x00,0x00,0x00,0x00,0x00,0x00,0x00,0x00,0x00}},
/*	!	*/{0x0021, 10, 15, {0x0C,0x03,0x00,0xC0,0x30,0x0C,0x03,0x00,0xC0,0x30,0x0C,0x03,0x00,0x00,0x00,0x0C,0x03,0x00,0xC0}},
/*	"	*/{0x0022, 10, 16, {0x33,0x0C,0xC3,0x30,0xCC,0x33,0x0C,0xC3,0x30,0x00,0x00,0x00,0x00,0x00,0x00,0x00,0x00,0x00,0x00,0x00}},
/*	#	*/{0x0023, 10, 15, {0x33,0x0C,0xC3,0x30,0xCC,0x7F,0x8C,0xC3,0x30,0xCC,0x33,0x0C,0xC7,0xF8,0xCC,0x33,0x0C,0xC3,0x30}},
/*	$	*/{0x0024, 10, 20, {0x0C,0x03,0x00,0xC0,0x78,0x3F,0x1B,0x66,0xD9,0xB0,0x3C,0x0F,0x00,0xE0,0x3C,0x0D,0x9B,0x66,0xD9,0xB4,0x3F,0x03,0x00,0xC0,0x30}},
/*	%	*/{0x0025, 10, 15, {0x78,0x96,0x6C,0x93,0x24,0xCB,0x32,0x87,0x80,0x1E,0x16,0x8D,0x33,0x4C,0x93,0x64,0xD9,0xA4,0x38}},
/*	&	*/{0x0026, 10, 15, {0x1C,0x0D,0x82,0x30,0x8C,0x22,0x05,0x81,0x80,0xF0,0x3C,0xD9,0xA6,0x39,0x8C,0x63,0x0D,0xE1,0xCC}},
/*	'	*/{0x0027, 10, 16, {0x0C,0x03,0x00,0xC0,0x30,0x0C,0x03,0x00,0xC0,0x00,0x00,0x00,0x00,0x00,0x00,0x00,0x00,0x00,0x00,0x00}},
/*	(	*/{0x0028, 10, 21, {0x01,0x00,0xC0,0x60,0x30,0x18,0x06,0x01,0x00,0x40,0x30,0x0C,0x03,0x00,0xC0,0x30,0x04,0x01,0x80,0x60,0x0C,0x03,0x00,0x60,0x0C,0x00,0x00}},
/*	)	*/{0x0029, 10, 21, {0x20,0x0C,0x01,0x80,0x30,0x06,0x01,0x80,0x20,0x08,0x03,0x00,0xC0,0x30,0x0C,0x03,0x00,0x80,0x60,0x18,0x0C,0x03,0x01,0x80,0xC0,0x00,0x00}},
/*	*	*/{0x002A, 10, 17, {0x0C,0x03,0x04,0xC9,0xFE,0x1E,0x07,0x81,0x20,0xCC,0x00,0x00,0x00,0x00,0x00,0x00,0x00,0x00,0x00,0x00,0x00,0x00}},
/*	+	*/{0x002B, 10, 11, {0x0C,0x03,0x00,0xC1,0xFE,0x0C,0x03,0x00,0xC0,0x30,0x00,0x00,0x00,0x00}},
/*	,	*/{0x002C, 10, 8, {0x0C,0x07,0x80,0xE0,0x10,0x0C,0x02,0x01,0x80,0x00}},
/*	-	*/{0x002D, 10, 9, {0x7F,0x80,0x00,0x00,0x00,0x00,0x00,0x00,0x00,0x00,0x00,0x00}},
/*	.	*/{0x002E, 10, 3, {0x0C,0x07,0x80,0xC0}},
/*	/	*/{0x002F, 10, 20, {0x01,0x80,0x40,0x30,0x0C,0x02,0x00,0x80,0x60,0x18,0x04,0x03,0x00,0xC0,0x20,0x18,0x06,0x01,0x00,0x40,0x30,0x0C,0x02,0x01,0x80}},
/*	0	*/{0x0030, 10, 15, {0x1E,0x0F,0xC6,0x19,0x86,0x61,0x98,0x66,0x79,0xB6,0x79,0x9C,0x66,0x19,0x86,0x61,0x8F,0xC1,0xE0}},
/*	1	*/{0x0031, 10, 15, {0x0C,0x07,0x03,0x41,0x90,0x04,0x01,0x00,0x40,0x10,0x04,0x01,0x00,0x40,0x10,0x04,0x01,0x00,0x40}},
/*	2	*/{0x0032, 10, 15, {0x1E,0x0F,0xC6,0x19,0x86,0x01,0x80,0x60,0x30,0x18,0x0C,0x06,0x03,0x00,0x80,0x60,0x18,0x07,0xF8}},
/*	3	*/{0x0033, 10, 15, {0x1E,0x0E,0xC6,0x18,0x06,0x01,0x80,0xC0,0xE0,0x0C,0x01,0x80,0x60,0x19,0x86,0x61,0x8E,0xC1,0xE0}},
/*	4	*/{0x0034, 10, 15, {0x03,0x01,0x80,0x40,0x30,0x08,0x06,0x01,0x30,0xCC,0x23,0x18,0xC7,0xF8,0x0C,0x03,0x00,0xC0,0x30}},
/*	5	*/{0x0035, 10, 15, {0x7F,0x18,0x06,0x01,0x80,0x60,0x1F,0x87,0x31,0x86,0x01,0x80,0x60,0x19,0x86,0x61,0x0F,0xC1,0xE0}},
/*	6	*/{0x0036, 10, 15, {0x06,0x03,0x00,0x80,0x60,0x10,0x0C,0x03,0xF0,0xCC,0x61,0x98,0x66,0x19,0x86,0x61,0x8C,0xC1,0xE0}},
/*	7	*/{0x0037, 10, 15, {0x7F,0x80,0x60,0x10,0x0C,0x03,0x00,0x80,0x20,0x18,0x06,0x01,0x00,0xC0,0x30,0x08,0x06,0x01,0x80}},
/*	8	*/{0x0038, 10, 15, {0x1E,0x0F,0xC2,0x11,0x86,0x21,0x0C,0xC1,0xE0,0x30,0x3F,0x0C,0xC6,0x19,0x86,0x61,0x8C,0xC1,0xE0}},
/*	9	*/{0x0039, 10, 15, {0x1E,0x0F,0xC6,0x19,0x86,0x61,0x98,0x66,0x18,0xCC,0x3F,0x00,0xC0,0x20,0x18,0x04,0x03,0x01,0x80}},
/*	:	*/{0x003A, 10, 11, {0x0C,0x07,0x80,0xC0,0x00,0x00,0x00,0x00,0x00,0x00,0x0C,0x07,0x80,0xC0}},
/*	;	*/{0x003B, 10, 16, {0x0C,0x07,0x80,0xC0,0x00,0x00,0x00,0x00,0x00,0x00,0x0C,0x07,0x80,0xE0,0x10,0x0C,0x02,0x01,0x80,0x00}},
/*	<	*/{0x003C, 10, 12, {0x00,0x80,0xE0,0xE0,0x60,0x70,0x18,0x03,0x80,0x30,0x07,0x00,0x60,0x00,0x00}},
/*	=	*/{0x003D, 10, 11, {0x7F,0x80,0x00,0x00,0x00,0x7F,0x80,0x00,0x00,0x00,0x00,0x00,0x00,0x00}},
/*	>	*/{0x003E, 10, 12, {0x40,0x1C,0x01,0xC0,0x18,0x03,0x80,0x60,0x70,0x30,0x38,0x18,0x00,0x00,0x00}},
/*	?	*/{0x003F, 10, 15, {0x1E,0x0D,0xC6,0x19,0x86,0x01,0x80,0xC0,0x30,0x18,0x0C,0x03,0x00,0x00,0x00,0x0C,0x03,0x00,0xC0}},
/*	@	*/{0x0040, 10, 18, {0x1E,0x0C,0xC2,0x11,0x86,0x67,0x9B,0x66,0xD9,0xB6,0x6D,0x9B,0x66,0xD9,0xB6,0x6D,0x99,0xC6,0x00,0xC0,0x1F,0x00,0x00}},
/*	A	*/{0x0041, 10, 15, {0x0C,0x03,0x00,0xC0,0x78,0x1E,0x04,0x81,0x20,0xCC,0x33,0x0C,0xC3,0xF0,0x84,0x61,0x98,0x66,0x18}},
/*	B	*/{0x0042, 10, 15, {0x7E,0x19,0xC6,0x11,0x86,0x61,0x18,0xC7,0xE1,0x8C,0x61,0x98,0x66,0x19,0x86,0x61,0x99,0xC7,0xE0}},
/*	C	*/{0x0043, 10, 15, {0x1E,0x0D,0xC6,0x19,0x86,0x60,0x18,0x06,0x01,0x80,0x60,0x18,0x06,0x01,0x86,0x61,0x8D,0xC1,0xE0}},
/*	D	*/{0x0044, 10, 15, {0x7E,0x19,0xC6,0x19,0x86,0x61,0x98,0x66,0x19,0x86,0x61,0x98,0x66,0x19,0x86,0x61,0x99,0xC7,0xE0}},
/*	E	*/{0x0045, 10, 15, {0x7F,0x98,0x06,0x01,0x80,0x60,0x18,0x07,0xF1,0x80,0x60,0x18,0x06,0x01,0x80,0x60,0x18,0x07,0xF8}},
/*	F	*/{0x0046, 10, 15, {0x3F,0x88,0x02,0x00,0x80,0x20,0x08,0x03,0xF0,0x80,0x20,0x08,0x02,0x00,0x80,0x20,0x08,0x02,0x00}},
/*	G	*/{0x0047, 10, 15, {0x1E,0x0D,0xC6,0x19,0x86,0x60,0x18,0x06,0x01,0x9E,0x61,0x98,0x66,0x19,0x86,0x61,0x8D,0xE1,0xD8}},
/*	H	*/{0x0048, 10, 15, {0x61,0x98,0x66,0x19,0x86,0x61,0x98,0x67,0xF9,0x86,0x61,0x98,0x66,0x19,0x86,0x61,0x98,0x66,0x18}},
/*	I	*/{0x0049, 10, 15, {0x7F,0x83,0x00,0xC0,0x30,0x0C,0x03,0x00,0xC0,0x30,0x0C,0x03,0x00,0xC0,0x30,0x0C,0x03,0x07,0xF8}},
/*	J	*/{0x004A, 10, 15, {0x0F,0x00,0x40,0x10,0x04,0x01,0x00,0x40,0x10,0x04,0x01,0x00,0x40,0x11,0x04,0x63,0x0D,0xC1,0xE0}},
/*	K	*/{0x004B, 10, 15, {0x21,0x88,0xC2,0x20,0x98,0x24,0x0B,0x02,0x80,0xE0,0x3C,0x09,0x02,0x60,0x88,0x23,0x08,0x42,0x18}},
/*	L	*/{0x004C, 10, 15, {0x20,0x08,0x02,0x00,0x80,0x20,0x08,0x02,0x00,0x80,0x20,0x08,0x02,0x00,0x80,0x20,0x08,0x03,0xF8}},
/*	M	*/{0x004D, 10, 15, {0x61,0x98,0x67,0x39,0x4A,0x52,0x94,0xA5,0xE9,0x32,0x4C,0x93,0x26,0x19,0x86,0x61,0x98,0x66,0x18}},
/*	N	*/{0x004E, 10, 15, {0x61,0x9C,0x67,0x19,0xC6,0x79,0x9A,0x66,0x99,0xB6,0x65,0x99,0x66,0x79,0x8E,0x63,0x98,0xE6,0x18}},
/*	O	*/{0x004F, 10, 15, {0x1E,0x0C,0xC6,0x19,0x86,0x61,0x98,0x66,0x19,0x86,0x61,0x98,0x66,0x19,0x86,0x61,0x8C,0xC1,0xE0}},
/*	P	*/{0x0050, 10, 15, {0x3E,0x08,0xC2,0x18,0x86,0x21,0x88,0x62,0x38,0xFC,0x20,0x08,0x02,0x00,0x80,0x20,0x08,0x02,0x00}},
/*	Q	*/{0x0051, 10, 20, {0x1E,0x0C,0xC6,0x19,0x86,0x61,0x98,0x66,0x19,0x86,0x61,0x98,0x66,0x19,0x86,0x61,0x98,0x63,0xF0,0x78,0x0C,0x01,0x80,0x70,0x00}},
/*	R	*/{0x0052, 10, 15, {0x7E,0x18,0xC6,0x19,0x86,0x61,0x98,0x66,0x31,0xFC,0x64,0x19,0x86,0x21,0x8C,0x63,0x18,0x66,0x18}},
/*	S	*/{0x0053, 10, 15, {0x1E,0x0F,0xC6,0x19,0x86,0x60,0x08,0x03,0x80,0x38,0x07,0x00,0x40,0x19,0x86,0x61,0x8C,0xC1,0xE0}},
/*	T	*/{0x0054, 10, 15, {0x7F,0x83,0x00,0xC0,0x30,0x0C,0x03,0x00,0xC0,0x30,0x0C,0x03,0x00,0xC0,0x30,0x0C,0x03,0x00,0xC0}},
/*	U	*/{0x0055, 10, 15, {0x61,0x98,0x66,0x19,0x86,0x61,0x98,0x66,0x19,0x86,0x61,0x98,0x66,0x19,0x86,0x61,0x8F,0xC1,0xE0}},
/*	V	*/{0x0056, 10, 15, {0x61,0x98,0x66,0x18,0x84,0x21,0x0C,0xC3,0x30,0xCC,0x12,0x04,0x81,0xE0,0x78,0x0C,0x03,0x00,0xC0}},
/*	W	*/{0x0057, 10, 15, {0x40,0x90,0x24,0x09,0x02,0x6D,0x9B,0x66,0xD8,0xB4,0x2D,0x0B,0x43,0x30,0xCC,0x33,0x0C,0xC3,0x30}},
/*	X	*/{0x0058, 10, 15, {0x61,0x88,0x43,0x30,0xCC,0x1E,0x07,0x80,0xC0,0x30,0x0C,0x07,0x81,0xE0,0xCC,0x33,0x08,0x46,0x18}},
/*	Y	*/{0x0059, 10, 15, {0x61,0x98,0x62,0x10,0xCC,0x12,0x04,0x81,0xE0,0x30,0x0C,0x03,0x00,0xC0,0x30,0x0C,0x03,0x00,0xC0}},
/*	Z	*/{0x005A, 10, 15, {0x7F,0x80,0x60,0x30,0x0C,0x02,0x01,0x80,0x40,0x30,0x08,0x06,0x01,0x00,0xC0,0x30,0x18,0x07,0xF8}},
/*	[	*/{0x005B, 10, 22, {0x3F,0x0C,0x03,0x00,0xC0,0x30,0x0C,0x03,0x00,0xC0,0x30,0x0C,0x03,0x00,0xC0,0x30,0x0C,0x03,0x00,0xC0,0x30,0x0C,0x03,0x00,0xFC,0x00,0x00,0x00}},
/*	\	*/{0x005C, 10, 20, {0x60,0x08,0x03,0x00,0xC0,0x10,0x04,0x01,0x80,0x60,0x08,0x03,0x00,0xC0,0x10,0x06,0x01,0x80,0x20,0x08,0x03,0x00,0xC0,0x10,0x06}},
/*	]	*/{0x005D, 10, 22, {0x3F,0x00,0xC0,0x30,0x0C,0x03,0x00,0xC0,0x30,0x0C,0x03,0x00,0xC0,0x30,0x0C,0x03,0x00,0xC0,0x30,0x0C,0x03,0x00,0xC0,0x30,0xFC,0x00,0x00,0x00}},
/*	^	*/{0x005E, 10, 15, {0x0C,0x07,0x83,0x30,0xCC,0x61,0x88,0x40,0x00,0x00,0x00,0x00,0x00,0x00,0x00,0x00,0x00,0x00,0x00}},
/*	_	*/{0x005F, 10, 3, {0x7F,0x80,0x00,0x00}},
/*	`	*/{0x0060, 10, 17, {0x30,0x0C,0x01,0x80,0x30,0x06,0x00,0x00,0x00,0x00,0x00,0x00,0x00,0x00,0x00,0x00,0x00,0x00,0x00,0x00,0x00,0x00}},
/*	a	*/{0x0061, 10, 11, {0x1E,0x0D,0xC6,0x18,0x06,0x01,0x87,0xE3,0x19,0x86,0x61,0x9D,0xE3,0xD8}},
/*	b	*/{0x0062, 10, 15, {0x60,0x18,0x06,0x01,0x80,0x6E,0x1E,0xC6,0x19,0x86,0x61,0x98,0x66,0x19,0x86,0x61,0x9E,0xC6,0xE0}},
/*	c	*/{0x0063, 10, 11, {0x1E,0x0D,0xC6,0x19,0x86,0x60,0x18,0x06,0x01,0x86,0x61,0x8D,0xC1,0xE0}},
/*	d	*/{0x0064, 10, 15, {0x01,0x80,0x60,0x18,0x06,0x1D,0x8D,0xE6,0x19,0x86,0x61,0x98,0x66,0x19,0x86,0x61,0x8D,0xE1,0xD8}},
/*	e	*/{0x0065, 10, 11, {0x1E,0x0C,0xC6,0x19,0x86,0x61,0x9F,0xE6,0x01,0x80,0x61,0x8E,0xC1,0xE0}},
/*	f	*/{0x0066, 10, 15, {0x07,0x03,0x60,0x98,0x60,0x18,0x1F,0xC1,0x80,0x60,0x18,0x06,0x01,0x80,0x60,0x18,0x06,0x01,0x80}},
/*	g	*/{0x0067, 10, 15, {0x1D,0x8D,0xE6,0x19,0x86,0x61,0x98,0x66,0x19,0x86,0x61,0x8D,0xE1,0xD8,0x06,0x61,0x8D,0xC1,0xE0}},
/*	h	*/{0x0068, 10, 15, {0x60,0x18,0x06,0x01,0x80,0x6E,0x1F,0xC6,0x19,0x86,0x61,0x98,0x66,0x19,0x86,0x61,0x98,0x66,0x18}},
/*	i	*/{0x0069, 10, 16, {0x0C,0x03,0x00,0xC0,0x00,0x00,0x0F,0x00,0xC0,0x30,0x0C,0x03,0x00,0xC0,0x30,0x0C,0x03,0x00,0xC1,0xFE}},
/*	j	*/{0x006A, 10, 20, {0x06,0x01,0x80,0x60,0x00,0x00,0x07,0x80,0x60,0x18,0x06,0x01,0x80,0x60,0x18,0x06,0x01,0x80,0x60,0x18,0x06,0x31,0x86,0xC0,0xF0}},
/*	k	*/{0x006B, 10, 15, {0x20,0x08,0x02,0x00,0x80,0x21,0x88,0xC2,0x60,0xB0,0x2C,0x0E,0x03,0xC0,0x98,0x22,0x08,0xC2,0x18}},
/*	l	*/{0x006C, 10, 15, {0x3C,0x03,0x00,0xC0,0x30,0x0C,0x03,0x00,0xC0,0x30,0x0C,0x03,0x00,0xC0,0x30,0x0C,0x03,0x07,0xF8}},
/*	m	*/{0x006D, 10, 11, {0x5B,0x1B,0x64,0xC9,0x32,0x4C,0x93,0x24,0xC9,0x32,0x4C,0x93,0x24,0xC8}},
/*	n	*/{0x006E, 10, 11, {0x6E,0x1F,0xC6,0x19,0x86,0x61,0x98,0x66,0x19,0x86,0x61,0x98,0x66,0x18}},
/*	o	*/{0x006F, 10, 11, {0x1E,0x0F,0xC6,0x19,0x86,0x61,0x98,0x66,0x19,0x86,0x61,0x8F,0xC1,0xE0}},
/*	p	*/{0x0070, 10, 15, {0x6E,0x1E,0xC6,0x19,0x86,0x61,0x98,0x66,0x19,0x86,0x61,0x9E,0xC6,0xE1,0x80,0x60,0x18,0x06,0x00}},
/*	q	*/{0x0071, 10, 15, {0x1D,0x8D,0xE6,0x19,0x86,0x61,0x98,0x66,0x19,0x86,0x61,0x8D,0xE1,0xD8,0x06,0x01,0x80,0x60,0x18}},
/*	r	*/{0x0072, 10, 11, {0x37,0x0F,0x63,0x98,0xC0,0x30,0x0C,0x03,0x00,0xC0,0x30,0x0C,0x03,0x00}},
/*	s	*/{0x0073, 10, 11, {0x1E,0x0C,0xC6,0x18,0x80,0x38,0x07,0x80,0x30,0x06,0x61,0x8C,0xC1,0xE0}},
/*	t	*/{0x0074, 10, 15, {0x18,0x06,0x01,0x80,0x60,0x7F,0x06,0x01,0x80,0x60,0x18,0x06,0x01,0x80,0x62,0x18,0x83,0x60,0x70}},
/*	u	*/{0x0075, 10, 11, {0x61,0x98,0x66,0x19,0x86,0x61,0x98,0x66,0x19,0x86,0x61,0x8F,0xE1,0xD8}},
/*	v	*/{0x0076, 10, 11, {0x61,0x98,0x62,0x10,0x84,0x33,0x0C,0xC1,0x20,0x78,0x1E,0x03,0x00,0xC0}},
/*	w	*/{0x0077, 10, 11, {0x40,0x90,0x24,0x09,0xB6,0x6D,0x8B,0x42,0xD0,0xCC,0x33,0x0C,0xC3,0x30}},
/*	x	*/{0x0078, 10, 11, {0x61,0x8C,0xC3,0x30,0x78,0x0C,0x03,0x00,0xC0,0x78,0x12,0x0C,0xC6,0x18}},
/*	y	*/{0x0079, 10, 15, {0x61,0x98,0x62,0x10,0xCC,0x33,0x04,0x81,0x20,0x78,0x1E,0x03,0x00,0xC0,0x30,0x08,0x06,0x01,0x80}},
/*	z	*/{0x007A, 10, 11, {0x7F,0x80,0x60,0x30,0x08,0x06,0x03,0x01,0x80,0x40,0x30,0x18,0x07,0xF8}},
/*	{	*/{0x007B, 10, 22, {0x07,0x03,0x80,0x80,0x60,0x08,0x03,0x00,0xC0,0x30,0x18,0x0C,0x01,0x80,0x30,0x0C,0x03,0x00,0xC0,0x20,0x18,0x02,0x00,0xC0,0x1C,0x00,0x00,0x00}},
/*	|	*/{0x007C, 10, 20, {0x0C,0x03,0x00,0xC0,0x30,0x0C,0x03,0x00,0xC0,0x30,0x0C,0x03,0x00,0xC0,0x30,0x0C,0x03,0x00,0xC0,0x30,0x0C,0x03,0x00,0xC0,0x30}},
/*	}	*/{0x007D, 10, 22, {0x38,0x07,0x00,0x40,0x18,0x04,0x03,0x00,0xC0,0x30,0x06,0x00,0xC0,0x60,0x30,0x0C,0x03,0x00,0xC0,0x10,0x06,0x01,0x00,0xC0,0xE0,0x00,0x00,0x00}},
/*	~	*/{0x007E, 10, 9, {0x10,0x0E,0x26,0xD9,0x94,0x47,0x00,0x00,0x00,0x00,0x00,0x00}},
/*	一	*/{0x4E00, 20, 9, {0x7F,0xFF,0xE7,0xFF,0xFE,0x00,0x00,0x00,0x00,0x00,0x00,0x00,0x00,0x00,0x00,0x00,0x00,0x00,0x00,0x00,0x00,0x00,0x00}},
/*	丁	*/{0x4E01, 20, 17, {0x7F,0xFF,0xE0,0x02,0x00,0x00,0x20,0x00,0x02,0x00,0x00,0x20,0x00,0x02,0x00,0x00,0x20,0x00,0x02,0x00,0x00,0x20,0x00,0x02,0x00,0x00,0x20,0x00,0x02,0x00,0x00,0x20,0x00,0x02,0x00,0x00,0x20,0x00,0x7E,0x00,0x00,0x00,0x00}},
/*	丂	*/{0x4E02, 20, 18, {0x7F,0xFF,0xE0,0x30,0x00,0x02,0x00,0x00,0x20,0x00,0x06,0x00,0x00,0x60,0x00,0x04,0x00,0x00,0xFF,0xF8,0x00,0x01,0x80,0x00,0x18,0x00,0x01,0x00,0x00,0x10,0x00,0x03,0x00,0x00,0x30,0x00,0x03,0x00,0x04,0x60,0x00,0x7C,0x00,0x00,0x00}},
/*	七	*/{0x4E03, 20, 19, {0x01,0x00,0x00,0x10,0x00,0x01,0x00,0x00,0x10,0x00,0x01,0x00,0x00,0x10,0x0E,0x01,0x3F,0xE0,0xFF,0x80,0x7F,0x00,0x04,0x10,0x00,0x01,0x00,0x00,0x10,0x00,0x01,0x00,0x00,0x10,0x04,0x01,0x00,0x40,0x10,0x04,0x01,0xFF,0xC0,0x0F,0xF8,0x00,0x00,0x00}},
/*	丄	*/{0x4E04, 20, 18, {0x00,0x60,0x00,0x06,0x00,0x00,0x60,0x00,0x06,0x00,0x00,0x60,0x00,0x06,0x00,0x00,0x60,0x00,0x06,0x00,0x00,0x60,0x00,0x06,0x00,0x00,0x60,0x00,0x06,0x00,0x00,0x60,0x00,0x06,0x00,0x00,0x60,0x00,0x06,0x00,0x00,0x60,0x07,0xFF,0xFE}},
/*	丅	*/{0x4E05, 20, 18, {0x7F,0xFF,0xE0,0x06,0x00,0x00,0x60,0x00,0x06,0x00,0x00,0x60,0x00,0x06,0x00,0x00,0x60,0x00,0x06,0x00,0x00,0x60,0x00,0x06,0x00,0x00,0x60,0x00,0x06,0x00,0x00,0x60,0x00,0x06,0x00,0x00,0x60,0x00,0x06,0x00,0x00,0x60,0x00,0x00,0x00}},
/*	丆	*/{0x4E06, 20, 16, {0x7F,0xFF,0xE0,0x06,0x00,0x00,0x60,0x00,0x06,0x00,0x00,0x40,0x00,0x0C,0x00,0x00,0xC0,0x00,0x08,0x00,0x01,0x80,0x00,0x30,0x00,0x03,0x00,0x00,0x60,0x00,0x0C,0x00,0x03,0x80,0x00,0x10,0x00,0x00,0x00,0x00}},
/*	万	*/{0x4E07, 20, 18, {0x7F,0xFF,0xE0,0x10,0x00,0x01,0x00,0x00,0x10,0x00,0x01,0x00,0x00,0x30,0x00,0x03,0xFF,0x80,0x30,0x18,0x03,0x01,0x80,0x20,0x18,0x06,0x01,0x80,0x60,0x18,0x04,0x01,0x00,0xC0,0x10,0x18,0x01,0x03,0x04,0x30,0x60,0x3E,0x00,0x00,0x00}},
/*	丈	*/{0x4E08, 20, 20, {0x00,0x18,0x00,0x01,0x80,0x00,0x18,0x00,0x01,0x80,0x7F,0xFF,0xE0,0x01,0x80,0x0C,0x18,0x00,0xC1,0x80,0x04,0x18,0x00,0x61,0x00,0x02,0x30,0x00,0x33,0x00,0x01,0xE0,0x00,0x0E,0x00,0x01,0xE0,0x00,0x3B,0x80,0x1E,0x0F,0x07,0x80,0x3E,0x00,0x00,0x00,0x00,0x00}},
/*	三	*/{0x4E09, 20, 16, {0x3F,0xFF,0xC0,0x00,0x00,0x00,0x00,0x00,0x00,0x00,0x00,0x00,0x00,0x00,0x00,0x00,0x00,0x00,0xFF,0xF0,0x00,0x00,0x00,0x00,0x00,0x00,0x00,0x00,0x00,0x00,0x00,0x00,0x00,0x00,0x00,0x7F,0xFF,0xE7,0xFF,0xFE}},
/*	上	*/{0x4E0A, 20, 19, {0x00,0x40,0x00,0x04,0x00,0x00,0x40,0x00,0x04,0x00,0x00,0x40,0x00,0x04,0x00,0x00,0x7F,0xC0,0x04,0x00,0x00,0x40,0x00,0x04,0x00,0x00,0x40,0x00,0x04,0x00,0x00,0x40,0x00,0x04,0x00,0x00,0x40,0x00,0x04,0x00,0x7F,0xFF,0xE7,0xFF,0xFE,0x00,0x00,0x00}},
/*	下	*/{0x4E0B, 20, 18, {0x7F,0xFF,0xE0,0x04,0x00,0x00,0x40,0x00,0x04,0x00,0x00,0x40,0x00,0x07,0x00,0x00,0x5C,0x00,0x04,0xE0,0x00,0x43,0x80,0x04,0x1C,0x00,0x40,0x80,0x04,0x00,0x00,0x40,0x00,0x04,0x00,0x00,0x40,0x00,0x04,0x00,0x00,0x40,0x00,0x00,0x00}},
/*	丌	*/{0x4E0C, 20, 18, {0x3F,0xFF,0xE3,0xFF,0xFE,0x06,0x06,0x00,0x60,0x60,0x06,0x06,0x00,0x60,0x60,0x06,0x06,0x00,0x60,0x60,0x06,0x06,0x00,0x60,0x60,0x06,0x06,0x00,0x40,0x60,0x0C,0x06,0x00,0xC0,0x60,0x18,0x06,0x03,0x00,0x60,0x60,0x06,0x04,0x00,0x00}},
/*	不	*/{0x4E0D, 20, 18, {0x7F,0xFF,0xE7,0xFF,0xFE,0x00,0x30,0x00,0x06,0x00,0x00,0xE0,0x00,0x1F,0x80,0x03,0xEE,0x00,0x76,0x70,0x0E,0x61,0x81,0x86,0x0C,0x70,0x60,0x62,0x06,0x04,0x00,0x60,0x00,0x06,0x00,0x00,0x60,0x00,0x06,0x00,0x00,0x60,0x00,0x00,0x00}},
/*	与	*/{0x4E0E, 20, 19, {0x06,0x00,0x00,0x40,0x00,0x04,0x00,0x00,0x7F,0xFC,0x0C,0x00,0x00,0xC0,0x00,0x0C,0x00,0x00,0x80,0x00,0x1F,0xFF,0xC0,0x00,0x0C,0x00,0x00,0xC0,0x00,0x08,0x7F,0xFC,0x80,0x00,0x08,0x00,0x01,0x80,0x00,0x18,0x00,0x43,0x00,0x03,0xF0,0x00,0x00,0x00}},
/*	丏	*/{0x4E0F, 20, 18, {0x3F,0xFF,0xE0,0x06,0x00,0x00,0x60,0x01,0x06,0x00,0x18,0x7F,0xC1,0x86,0x0C,0x10,0x60,0xC1,0x06,0x0C,0x10,0x60,0xC3,0xFF,0xFC,0x00,0x00,0xC0,0x00,0x0C,0x00,0x00,0x80,0x00,0x08,0x00,0x00,0x80,0x01,0xF8,0x00,0x1F,0x00,0x00,0x00}},
/*	丐	*/{0x4E10, 20, 18, {0x7F,0xFF,0xE7,0xFF,0xFE,0x00,0x60,0x00,0x06,0x00,0x08,0x60,0x01,0x87,0xFC,0x18,0x60,0x01,0x86,0x00,0x18,0x60,0x01,0xFF,0xFC,0x1F,0xFF,0xC0,0x00,0x04,0x00,0x00,0xC0,0x00,0x0C,0x00,0x00,0xC0,0x02,0x18,0x00,0x1F,0x80,0x00,0x00}},
/*	丑	*/{0x4E11, 20, 17, {0x3F,0xFF,0x00,0x18,0x10,0x01,0x81,0x00,0x18,0x10,0x01,0x01,0x00,0x10,0x10,0x01,0x01,0x01,0xFF,0xF0,0x1F,0xFF,0x00,0x10,0x30,0x03,0x03,0x00,0x30,0x30,0x03,0x03,0x00,0x30,0x30,0x03,0x03,0x00,0x20,0x30,0x7F,0xFF,0xE0}},
/*	丒	*/{0x4E12, 20, 17, {0x1F,0xFF,0xC1,0xFF,0xFC,0x00,0x30,0xC0,0x02,0x0C,0x08,0x60,0xC1,0xC4,0x0C,0x07,0xC0,0xC0,0x1C,0x0C,0x01,0xE0,0xC0,0x33,0x08,0x06,0x18,0x80,0xC0,0x88,0x18,0x01,0x83,0x01,0xF8,0x00,0x1F,0x00,0x00,0x00,0x7F,0xFF,0xE0}},
/*	专	*/{0x4E13, 20, 20, {0x00,0xC0,0x00,0x0C,0x00,0x1F,0xFF,0x80,0x18,0x00,0x01,0x80,0x00,0x10,0x00,0x7F,0xFF,0xE0,0x30,0x00,0x02,0x00,0x00,0x60,0x00,0x07,0xFF,0x80,0x00,0x30,0x00,0x06,0x00,0x20,0xC0,0x07,0x98,0x00,0x0F,0x00,0x00,0x3C,0x00,0x00,0xE0,0x00,0x00,0x00,0x00,0x00}},
/*	且	*/{0x4E14, 20, 18, {0x0F,0xFF,0x00,0xFF,0xF0,0x0C,0x03,0x00,0xC0,0x30,0x0C,0x03,0x00,0xFF,0xF0,0x0F,0xFF,0x00,0xC0,0x30,0x0C,0x03,0x00,0xC0,0x30,0x0C,0x03,0x00,0xFF,0xF0,0x0F,0xFF,0x00,0xC0,0x30,0x0C,0x03,0x00,0xC0,0x30,0x7F,0xFF,0xE7,0xFF,0xFE}},
/*	丕	*/{0x4E15, 20, 17, {0x3F,0xFF,0xC0,0x03,0x00,0x00,0x30,0x00,0x06,0x00,0x00,0xE0,0x00,0x1F,0x80,0x03,0x6E,0x00,0x66,0x30,0x0C,0x61,0x83,0x86,0x0C,0x70,0x60,0x60,0x06,0x00,0x00,0x60,0x00,0x06,0x00,0x00,0x60,0x00,0x00,0x00,0x7F,0xFF,0xE0}},
/*	世	*/{0x4E16, 20, 19, {0x0C,0x63,0x00,0xC6,0x30,0x0C,0x63,0x00,0xC6,0x30,0x0C,0x63,0x07,0xFF,0xFE,0x0C,0x63,0x00,0xC6,0x30,0x0C,0x63,0x00,0xC6,0x30,0x0C,0x63,0x00,0xC6,0x30,0x0C,0x7F,0x00,0xC0,0x00,0x0C,0x00,0x00,0xC0,0x00,0x0F,0xFF,0xC0,0xFF,0xFC,0x00,0x00,0x00}},
/*	丗	*/{0x4E17, 20, 20, {0x08,0x63,0x00,0x86,0x30,0x08,0x63,0x00,0x86,0x30,0x08,0x63,0x07,0xFF,0xFE,0x08,0x63,0x00,0x86,0x30,0x08,0x63,0x00,0x86,0x30,0x08,0x63,0x00,0x86,0x30,0x08,0x63,0x00,0x86,0x30,0x08,0x63,0x00,0xFF,0xF0,0x08,0x03,0x00,0x80,0x30,0x00,0x00,0x00,0x00,0x00}},
/*	丘	*/{0x4E18, 20, 18, {0x00,0x01,0x00,0x07,0xF8,0x0F,0xF0,0x00,0xC0,0x00,0x0C,0x00,0x00,0xC0,0x00,0x0C,0x00,0x00,0xFF,0xFC,0x0C,0x06,0x00,0xC0,0x60,0x0C,0x06,0x00,0xC0,0x60,0x0C,0x06,0x00,0xC0,0x60,0x0C,0x06,0x00,0xC0,0x60,0x0C,0x06,0x07,0xFF,0xFE}},
/*	丙	*/{0x4E19, 20, 18, {0x7F,0xFF,0xE0,0x06,0x00,0x00,0x60,0x00,0x06,0x00,0x3F,0xFF,0xC3,0x06,0x0C,0x30,0x60,0xC3,0x06,0x0C,0x30,0xF0,0xC3,0x0F,0x8C,0x31,0x8C,0xC3,0x30,0x7C,0x3E,0x02,0xC3,0x40,0x0C,0x30,0x00,0xC3,0x00,0x7C,0x30,0x07,0x80,0x00,0x00}},
/*	业	*/{0x4E1A, 20, 19, {0x01,0x08,0x00,0x10,0x80,0x01,0x08,0x00,0x10,0x80,0x21,0x08,0x02,0x10,0x84,0x31,0x08,0xC1,0x10,0x8C,0x19,0x09,0x81,0x90,0x98,0x09,0x09,0x00,0xD0,0xB0,0x09,0x0A,0x00,0x10,0x80,0x01,0x08,0x00,0x10,0x80,0x01,0x08,0x07,0xFF,0xFE,0x00,0x00,0x00}},
/*	丛	*/{0x4E1B, 20, 19, {0x06,0x06,0x00,0x60,0x40,0x06,0x04,0x00,0x60,0x40,0x06,0x04,0x00,0x60,0xC0,0x06,0x0E,0x00,0x70,0xE0,0x0D,0x8A,0x00,0xC9,0xB0,0x08,0xD9,0x01,0x87,0x18,0x18,0x30,0x83,0x06,0x0C,0x60,0xC0,0x62,0x04,0x00,0x7F,0xFF,0xE7,0xFF,0xFE,0x00,0x00,0x00}},
/*	东	*/{0x4E1C, 20, 20, {0x00,0x80,0x00,0x0C,0x00,0x01,0x80,0x03,0xFF,0xFC,0x03,0x00,0x00,0x30,0x00,0x06,0x30,0x00,0x63,0x00,0x0C,0x30,0x01,0x83,0x00,0x1F,0xFF,0x80,0x03,0x00,0x00,0x30,0x00,0x63,0x60,0x0C,0x33,0x00,0x83,0x18,0x18,0x30,0xC7,0x03,0x06,0x21,0xE0,0x40,0x00,0x00}},
/*	丝	*/{0x4E1D, 20, 19, {0x02,0x03,0x00,0x60,0x60,0x04,0x06,0x00,0xC0,0xC0,0x08,0xC8,0x61,0x89,0x8C,0x31,0x91,0x83,0xF3,0xF0,0x22,0x03,0x00,0x60,0x60,0x0C,0x0C,0x01,0x81,0x80,0x3F,0xBF,0xC3,0xFB,0xFC,0x00,0x00,0x00,0x00,0x00,0x7F,0xFF,0xE7,0xFF,0xFE,0x00,0x00,0x00}},
/*	丞	*/{0x4E1E, 20, 19, {0x1F,0xFF,0x00,0x00,0x60,0x00,0x0C,0x00,0x03,0x80,0x3F,0x70,0x40,0x37,0x8C,0x03,0x69,0x80,0x26,0xF0,0x06,0x66,0x00,0x46,0x60,0x0C,0x63,0x01,0x86,0x18,0x30,0x60,0xC6,0x3E,0x06,0x23,0xC0,0x00,0x00,0x00,0x7F,0xFF,0xE7,0xFF,0xFE,0x00,0x00,0x00}},
/*	丟	*/{0x4E1F, 20, 18, {0x3F,0xFF,0xC0,0x06,0x00,0x00,0x60,0x00,0x06,0x00,0x1F,0xFF,0x80,0x06,0x00,0x00,0x60,0x00,0x06,0x00,0x7F,0xFF,0xE0,0x18,0x00,0x03,0x00,0x00,0x30,0x60,0x06,0x03,0x00,0xC0,0x10,0x3F,0xFF,0x81,0xFF,0x0C,0x00,0x00,0x60,0x00,0x00}},
/*	丠	*/{0x4E20, 20, 19, {0x01,0x18,0x00,0x11,0x80,0x01,0x18,0xC0,0x11,0x9C,0x3F,0x1B,0x00,0x11,0xE0,0x01,0x18,0x00,0x11,0x80,0x01,0x18,0x00,0x31,0x80,0x1F,0x18,0x67,0x11,0x86,0x01,0x18,0x60,0x10,0xFC,0x00,0x00,0x00,0x00,0x00,0x7F,0xFF,0xE7,0xFF,0xFE,0x00,0x00,0x00}},
/*	両	*/{0x4E21, 20, 18, {0x7F,0xFF,0xE0,0x06,0x00,0x00,0x60,0x00,0x06,0x00,0x3F,0xFF,0xC3,0x06,0x0C,0x30,0x60,0xC3,0x66,0x4C,0x36,0x64,0xC3,0x66,0x4C,0x36,0x64,0xC3,0x66,0x4C,0x37,0xFC,0xC3,0x00,0x0C,0x30,0x00,0xC3,0x00,0x4C,0x30,0x03,0xC0,0x00,0x00}},
/*	丢	*/{0x4E22, 20, 19, {0x00,0x03,0x83,0xFF,0xF8,0x1F,0xE0,0x00,0x06,0x00,0x00,0x60,0x01,0xFF,0xF8,0x00,0x60,0x00,0x06,0x00,0x00,0x60,0x07,0xFF,0xFE,0x00,0xC0,0x00,0x18,0x20,0x03,0x06,0x00,0x60,0x30,0x0C,0x01,0x01,0x9F,0xF8,0x3F,0xF8,0xC2,0x00,0x04,0x00,0x00,0x00}},
/*	丣	*/{0x4E23, 20, 18, {0x7F,0xFF,0xE0,0x10,0x80,0x01,0x08,0x00,0x10,0x80,0x3F,0x0F,0xC2,0x10,0x84,0x21,0x08,0x42,0x10,0x84,0x21,0x08,0x42,0x10,0x84,0x3F,0x0F,0xC0,0x30,0x80,0x03,0x08,0x00,0x60,0x80,0x0E,0x08,0x01,0xC0,0x80,0x70,0x08,0x02,0x00,0x00}},
/*	两	*/{0x4E24, 20, 18, {0x7F,0xFF,0xE0,0x10,0x80,0x01,0x08,0x00,0x10,0x80,0x3F,0xFF,0xC3,0x10,0x84,0x31,0x08,0x43,0x30,0x84,0x33,0x9C,0x43,0x39,0xE4,0x32,0xD2,0x43,0x67,0x34,0x3C,0x61,0x43,0x84,0x04,0x30,0x00,0x43,0x00,0x7C,0x30,0x07,0xC0,0x00,0x00}},
/*	严	*/{0x4E25, 20, 19, {0x3F,0xFF,0xC0,0x19,0x80,0x11,0x98,0x81,0x99,0x98,0x09,0x99,0x00,0xD9,0xB0,0x0D,0x9A,0x00,0x19,0x80,0x3F,0xFF,0xE3,0x00,0x00,0x30,0x00,0x03,0x00,0x00,0x30,0x00,0x03,0x00,0x00,0x20,0x00,0x02,0x00,0x00,0x60,0x00,0x04,0x00,0x00,0x00,0x00,0x00}},
/*	並	*/{0x4E26, 20, 19, {0x0C,0x03,0x00,0x60,0x60,0x03,0x06,0x00,0x20,0xC0,0x3F,0xFF,0xC0,0x19,0x80,0x01,0x98,0x01,0x19,0x8C,0x11,0x98,0x81,0x99,0x98,0x09,0x99,0x80,0x99,0x90,0x0D,0x9B,0x00,0xD9,0xB0,0x01,0x98,0x00,0x19,0x80,0x7F,0xFF,0xE7,0xFF,0xFE,0x00,0x00,0x00}},
/*	丧	*/{0x4E27, 20, 20, {0x00,0x60,0x00,0x06,0x00,0x3F,0xFF,0xC0,0x06,0x00,0x18,0x61,0x00,0xC6,0x30,0x06,0x66,0x00,0x66,0xC0,0x00,0x60,0x07,0xFF,0xFE,0x0C,0x60,0x80,0xC2,0x1C,0x0C,0x33,0x00,0xC1,0xE0,0x0C,0x0C,0x00,0xC6,0x60,0x0F,0xE3,0x81,0xE0,0x0E,0x00,0x00,0x00,0x00,0x00}},
/*	丨	*/{0x4E28, 20, 20, {0x00,0x60,0x00,0x06,0x00,0x00,0x60,0x00,0x06,0x00,0x00,0x60,0x00,0x06,0x00,0x00,0x60,0x00,0x06,0x00,0x00,0x60,0x00,0x06,0x00,0x00,0x60,0x00,0x06,0x00,0x00,0x60,0x00,0x06,0x00,0x00,0x60,0x00,0x06,0x00,0x00,0x60,0x00,0x06,0x00,0x00,0x00,0x00,0x00,0x00}},
/*	丩	*/{0x4E29, 20, 20, {0x00,0x0C,0x00,0x40,0xC0,0x04,0x0C,0x00,0x40,0xC0,0x04,0x0C,0x00,0x40,0xC0,0x04,0x0C,0x00,0x40,0xC0,0x04,0x0C,0x00,0x40,0xC0,0x04,0x0C,0x00,0x40,0xC0,0x05,0xFC,0x00,0xF8,0xC0,0x04,0x0C,0x00,0x00,0xC0,0x00,0x0C,0x00,0x00,0xC0,0x00,0x00,0x00,0x00,0x00}},
/*	个	*/{0x4E2A, 20, 20, {0x00,0x20,0x00,0x06,0x00,0x00,0xF0,0x00,0x19,0x80,0x03,0x0C,0x00,0xE0,0x70,0x1C,0x63,0x87,0x86,0x0E,0x60,0x60,0x60,0x06,0x00,0x00,0x60,0x00,0x06,0x00,0x00,0x60,0x00,0x06,0x00,0x00,0x60,0x00,0x06,0x00,0x00,0x60,0x00,0x06,0x00,0x00,0x00,0x00,0x00,0x00}},
/*	丫	*/{0x4E2B, 20, 20, {0x18,0x01,0x80,0xC0,0x30,0x06,0x06,0x00,0x30,0xC0,0x01,0x98,0x00,0x0B,0x00,0x00,0x60,0x00,0x06,0x00,0x00,0x60,0x00,0x06,0x00,0x00,0x60,0x00,0x06,0x00,0x00,0x60,0x00,0x06,0x00,0x00,0x60,0x00,0x06,0x00,0x00,0x60,0x00,0x06,0x00,0x00,0x00,0x00,0x00,0x00}},
/*	丬	*/{0x4E2C, 20, 20, {0x00,0x20,0x00,0x02,0x00,0x06,0x20,0x00,0x32,0x00,0x01,0x20,0x00,0x1A,0x00,0x00,0xA0,0x00,0x02,0x00,0x00,0x20,0x00,0x02,0x00,0x00,0x60,0x00,0x1E,0x00,0x03,0xA0,0x00,0x62,0x00,0x00,0x20,0x00,0x02,0x00,0x00,0x20,0x00,0x02,0x00,0x00,0x00,0x00,0x00,0x00}},
/*	中	*/{0x4E2D, 20, 20, {0x00,0x60,0x00,0x06,0x00,0x00,0x60,0x00,0x06,0x00,0x3F,0xFF,0xC2,0x06,0x0C,0x20,0x60,0xC2,0x06,0x0C,0x20,0x60,0xC2,0x06,0x0C,0x3F,0xFF,0xC2,0x06,0x0C,0x20,0x60,0xC0,0x06,0x00,0x00,0x60,0x00,0x06,0x00,0x00,0x60,0x00,0x06,0x00,0x00,0x00,0x00,0x00,0x00}},
/*	丮	*/{0x4E2E, 20, 19, {0x7F,0xFF,0x00,0x00,0x10,0x01,0x81,0x00,0x18,0x10,0x01,0x81,0x03,0xFF,0xD0,0x01,0x81,0x00,0x18,0x10,0x01,0x81,0x00,0x18,0x10,0x01,0x81,0x03,0xFF,0xD0,0x01,0x81,0x00,0x18,0x1A,0x01,0x81,0xA0,0x18,0x1A,0x01,0x80,0xA0,0x18,0x0E,0x00,0x00,0x00}},
/*	丯	*/{0x4E2F, 20, 20, {0x00,0x60,0x00,0x06,0x10,0x00,0x6F,0x00,0x1F,0x80,0x3F,0xE0,0x01,0x06,0x10,0x00,0x67,0x80,0x07,0xC0,0x13,0xE0,0x00,0xF6,0x00,0x00,0x61,0xC0,0x06,0x70,0x00,0x7C,0x00,0x1F,0x00,0x3F,0xE0,0x01,0x86,0x00,0x00,0x60,0x00,0x06,0x00,0x00,0x00,0x00,0x00,0x00}},
/*	丰	*/{0x4E30, 20, 20, {0x00,0x60,0x00,0x06,0x00,0x00,0x60,0x03,0xFF,0xFC,0x00,0x60,0x00,0x06,0x00,0x00,0x60,0x01,0xFF,0xF8,0x1F,0xFF,0x80,0x06,0x00,0x00,0x60,0x00,0x06,0x00,0x7F,0xFF,0xE0,0x06,0x00,0x00,0x60,0x00,0x06,0x00,0x00,0x60,0x00,0x06,0x00,0x00,0x00,0x00,0x00,0x00}},
/*	丱	*/{0x4E31, 20, 20, {0x01,0x18,0x00,0x11,0x80,0x21,0x18,0x42,0x11,0x84,0x21,0x18,0x42,0x11,0x84,0x21,0x18,0x42,0x11,0x84,0x21,0x18,0x42,0x11,0x84,0x3F,0x1F,0xC0,0x11,0x80,0x03,0x18,0x00,0x31,0x80,0x06,0x18,0x00,0x61,0x80,0x1C,0x18,0x03,0x81,0x80,0x20,0x00,0x00,0x00,0x00}},
/*	串	*/{0x4E32, 20, 20, {0x00,0x60,0x00,0x06,0x00,0x1F,0xFF,0x81,0x06,0x18,0x10,0x61,0x81,0x06,0x18,0x10,0x61,0x81,0xFF,0xF8,0x00,0x60,0x03,0xFF,0xFC,0x30,0x60,0xC3,0x06,0x0C,0x30,0x60,0xC3,0x06,0x0C,0x3F,0xFF,0xC3,0x06,0x0C,0x00,0x60,0x00,0x06,0x00,0x00,0x00,0x00,0x00,0x00}},
/*	丳	*/{0x4E33, 20, 20, {0x01,0x88,0x00,0x18,0x80,0x1F,0xFF,0x81,0x18,0x88,0x11,0x88,0x81,0x18,0x88,0x1F,0xFF,0x80,0x18,0x80,0x01,0x88,0x03,0xFF,0xFC,0x31,0x88,0xC3,0x18,0x8C,0x31,0x88,0xC3,0xFF,0xFC,0x33,0x08,0xC0,0x60,0x80,0x0E,0x08,0x03,0x80,0x80,0x00,0x00,0x00,0x00,0x00}},
/*	临	*/{0x4E34, 20, 20, {0x00,0x20,0x00,0x63,0x00,0x06,0x20,0x02,0x63,0xFE,0x26,0x60,0x02,0x64,0x80,0x26,0xCC,0x02,0x78,0x60,0x26,0x83,0x02,0x60,0x10,0x26,0x00,0x02,0x67,0xFE,0x26,0x44,0x62,0x64,0x46,0x26,0x44,0x62,0x64,0x46,0x26,0x44,0x60,0x64,0x46,0x06,0x7F,0xE0,0x00,0x00}},
/*	丵	*/{0x4E35, 20, 20, {0x01,0x98,0x83,0x19,0x8C,0x09,0x99,0x80,0xD9,0xB0,0x01,0x98,0x07,0xFF,0xFE,0x04,0x06,0x00,0x20,0x60,0x03,0x0C,0x00,0x10,0x80,0x3F,0xFF,0xC0,0x06,0x00,0x00,0x60,0x00,0x06,0x00,0x7F,0xFF,0xE0,0x06,0x00,0x00,0x60,0x00,0x06,0x00,0x00,0x00,0x00,0x00,0x00}},
/*	丶	*/{0x4E36, 20, 13, {0x02,0x00,0x00,0x70,0x00,0x01,0xC0,0x00,0x0E,0x00,0x00,0x70,0x00,0x03,0x80,0x00,0x1C,0x00,0x00,0xC0,0x00,0x04,0x00,0x00,0x00,0x00,0x00,0x00,0x00,0x00,0x00,0x00,0x00}},
/*	丷	*/{0x4E37, 20, 12, {0x08,0x01,0x81,0x80,0x10,0x0C,0x03,0x00,0x40,0x20,0x06,0x06,0x00,0x20,0x40,0x02,0x0C,0x00,0x00,0x00,0x00,0x00,0x00,0x00,0x00,0x00,0x00,0x00,0x00,0x00}},
/*	丸	*/{0x4E38, 20, 20, {0x01,0x80,0x00,0x18,0x00,0x01,0x80,0x00,0x18,0x00,0x3F,0xFE,0x00,0x18,0x20,0x01,0x82,0x00,0x18,0x20,0x39,0x82,0x00,0xF0,0x20,0x07,0x02,0x00,0x38,0x20,0x02,0xE2,0x00,0x67,0x22,0x0C,0x22,0x31,0xC0,0x23,0x38,0x02,0x26,0x00,0x3E,0x00,0x00,0x00,0x00,0x00}},
/*	丹	*/{0x4E39, 20, 19, {0x0F,0xFF,0x00,0x80,0x10,0x08,0x81,0x00,0x9C,0x10,0x08,0x61,0x00,0x83,0x10,0x08,0x19,0x00,0x80,0x10,0x7F,0xFF,0xE0,0x80,0x10,0x08,0x01,0x00,0x80,0x10,0x18,0x01,0x01,0x80,0x10,0x10,0x01,0x03,0x00,0x10,0x60,0x1F,0x06,0x01,0xF0,0x00,0x00,0x00}},
/*	为	*/{0x4E3A, 20, 20, {0x18,0xC0,0x00,0xCC,0x00,0x04,0xC0,0x00,0x6C,0x00,0x00,0xC0,0x03,0xFF,0xFC,0x00,0x80,0xC0,0x08,0x0C,0x01,0x90,0xC0,0x1B,0x0C,0x01,0x18,0xC0,0x30,0xCC,0x02,0x0C,0xC0,0x60,0x0C,0x0C,0x00,0x81,0x80,0x08,0x30,0x19,0x86,0x00,0xF0,0x00,0x00,0x00,0x00,0x00}},
/*	主	*/{0x4E3B, 20, 19, {0x01,0xC0,0x00,0x06,0x00,0x00,0x30,0x00,0x01,0x00,0x3F,0xFF,0xC0,0x06,0x00,0x00,0x60,0x00,0x06,0x00,0x00,0x60,0x00,0x06,0x00,0x1F,0xFF,0x80,0x06,0x00,0x00,0x60,0x00,0x06,0x00,0x00,0x60,0x00,0x06,0x00,0x7F,0xFF,0xE7,0xFF,0xFE,0x00,0x00,0x00}},
/*	丼	*/{0x4E3C, 20, 20, {0x06,0x06,0x00,0x60,0x60,0x06,0x06,0x00,0x60,0x60,0x3F,0xFF,0xE0,0x60,0x60,0x06,0xC6,0x00,0x66,0x60,0x06,0x36,0x00,0x61,0x60,0x06,0x06,0x07,0xFF,0xFE,0x04,0x06,0x00,0xC0,0x60,0x0C,0x06,0x01,0x80,0x60,0x30,0x06,0x07,0x00,0x60,0x00,0x00,0x00,0x00,0x00}},
/*	丽	*/{0x4E3D, 20, 18, {0x7F,0xFF,0xE0,0x00,0x00,0x00,0x00,0x00,0x00,0x00,0x3F,0x9F,0xC3,0x09,0x04,0x30,0x90,0x43,0x89,0x44,0x3C,0x94,0x43,0x49,0x24,0x36,0x93,0x43,0x29,0x14,0x30,0x90,0x43,0x09,0x04,0x30,0x90,0x43,0x49,0x04,0x33,0x93,0xC0,0x00,0x00}},
/*	举	*/{0x4E3E, 20, 20, {0x00,0x40,0x01,0x8C,0x18,0x0C,0x63,0x00,0x46,0x20,0x06,0x06,0x07,0xFF,0xFE,0x02,0x06,0x00,0x66,0x20,0x0C,0x63,0x01,0x86,0x1C,0x77,0xFE,0x64,0x06,0x02,0x00,0x60,0x00,0x06,0x00,0x3F,0xFF,0xC0,0x06,0x00,0x00,0x60,0x00,0x06,0x00,0x00,0x60,0x00,0x00,0x00}},
/*	丿	*/{0x4E3F, 20, 19, {0x00,0x30,0x00,0x03,0x00,0x00,0x30,0x00,0x03,0x00,0x00,0x30,0x00,0x03,0x00,0x00,0x30,0x00,0x03,0x00,0x00,0x30,0x00,0x03,0x00,0x00,0x20,0x00,0x06,0x00,0x00,0x60,0x00,0x04,0x00,0x00,0xC0,0x00,0x18,0x00,0x07,0x00,0x00,0xE0,0x00,0x00,0x00,0x00}},
/*	乀	*/{0x4E40, 20, 19, {0x10,0x00,0x01,0x00,0x00,0x18,0x00,0x00,0x80,0x00,0x0C,0x00,0x00,0xC0,0x00,0x06,0x00,0x00,0x60,0x00,0x03,0x00,0x00,0x10,0x00,0x01,0x80,0x00,0x0C,0x00,0x00,0x70,0x00,0x03,0x80,0x00,0x0E,0x00,0x00,0x78,0x00,0x01,0xE0,0x00,0x00,0x00,0x00,0x00}},
/*	乁	*/{0x4E41, 20, 17, {0x07,0xF8,0x00,0x00,0x80,0x00,0x08,0x00,0x00,0xC0,0x00,0x0C,0x00,0x00,0xC0,0x00,0x04,0x00,0x00,0x40,0x00,0x06,0x00,0x00,0x20,0x00,0x03,0x00,0x00,0x30,0x00,0x01,0x80,0x00,0x0C,0x00,0x00,0x60,0x00,0x02,0x00,0x00,0x00}},
/*	乂	*/{0x4E42, 20, 19, {0x08,0x01,0x80,0x80,0x10,0x0C,0x03,0x00,0xC0,0x30,0x04,0x02,0x00,0x60,0x60,0x02,0x06,0x00,0x30,0xC0,0x01,0x88,0x00,0x19,0x80,0x00,0xF0,0x00,0x06,0x00,0x00,0xF0,0x00,0x39,0xC0,0x07,0x0E,0x03,0xC0,0x3C,0x70,0x00,0xE0,0x00,0x00,0x00,0x00,0x00}},
/*	乃	*/{0x4E43, 20, 18, {0x3F,0xFE,0x00,0x60,0x40,0x06,0x04,0x00,0x60,0xC0,0x06,0x0C,0x00,0x60,0x80,0x04,0x18,0x00,0x41,0xFC,0x04,0x00,0xC0,0xC0,0x0C,0x0C,0x00,0xC0,0x80,0x0C,0x18,0x00,0xC1,0x80,0x08,0x30,0x00,0x86,0x01,0xF8,0x60,0x1F,0x00,0x00,0x00}},
/*	乄	*/{0x4E44, 20, 19, {0x00,0x01,0x00,0x00,0x18,0x00,0x03,0x00,0x00,0x30,0x00,0x06,0x00,0x30,0x60,0x07,0x8C,0x00,0x0E,0xC0,0x00,0x78,0x00,0x01,0xC0,0x00,0x3F,0x00,0x06,0x38,0x00,0xE1,0xC2,0x0C,0x08,0x41,0x80,0x06,0x30,0x00,0x3E,0x00,0x03,0xC0,0x00,0x00,0x00,0x00}},
/*	久	*/{0x4E45, 20, 20, {0x03,0x00,0x00,0x30,0x00,0x02,0x00,0x00,0x7F,0xC0,0x04,0x08,0x00,0xC1,0x80,0x18,0x18,0x01,0x81,0x00,0x30,0x30,0x06,0x03,0x00,0x40,0x78,0x00,0x0C,0x80,0x01,0x8C,0x00,0x38,0x60,0x07,0x03,0x00,0xE0,0x38,0x38,0x01,0xC7,0x00,0x06,0x00,0x00,0x00,0x00,0x00}},
/*	乆	*/{0x4E46, 20, 20, {0x00,0x10,0x00,0x01,0x00,0x04,0x10,0x00,0xC1,0x00,0x0C,0x10,0x00,0x83,0x00,0x08,0x30,0x01,0x83,0x00,0x3F,0xF0,0x01,0xC7,0x00,0x00,0x78,0x00,0x0C,0x80,0x00,0xCC,0x00,0x18,0x60,0x03,0x03,0x00,0x60,0x18,0x1C,0x00,0xE3,0x80,0x06,0x00,0x00,0x00,0x00,0x00}},
/*	乇	*/{0x4E47, 20, 19, {0x00,0x07,0x80,0x03,0xE0,0x0F,0xF0,0x07,0xE8,0x00,0x00,0x80,0x00,0x08,0x00,0x00,0x80,0x00,0x08,0x00,0x00,0xBF,0xE7,0xFF,0xF8,0x00,0x80,0x00,0x08,0x00,0x00,0x80,0x00,0x08,0x04,0x00,0x80,0x20,0x08,0x06,0x00,0xE0,0xE0,0x07,0xFC,0x00,0x00,0x00}},
/*	么	*/{0x4E48, 20, 20, {0x00,0xC0,0x00,0x0C,0x00,0x01,0x80,0x00,0x30,0x00,0x06,0x06,0x00,0xE0,0xC0,0x1C,0x18,0x03,0x81,0x80,0x60,0x30,0x00,0x06,0x00,0x00,0xC4,0x00,0x18,0x60,0x03,0x03,0x00,0x60,0x18,0x0C,0x01,0x81,0xFF,0xFC,0x3F,0xC0,0x40,0x00,0x06,0x00,0x00,0x00,0x00,0x00}},
/*	义	*/{0x4E49, 20, 20, {0x00,0xC0,0x00,0x04,0x08,0x10,0x61,0x81,0x82,0x18,0x08,0x31,0x00,0xC0,0x30,0x04,0x02,0x00,0x60,0x60,0x03,0x0C,0x00,0x10,0x80,0x01,0x98,0x00,0x0F,0x00,0x00,0x60,0x00,0x0F,0x80,0x03,0x9C,0x00,0xE0,0x70,0x3C,0x03,0xC7,0x00,0x0E,0x00,0x00,0x00,0x00,0x00}},
/*	乊	*/{0x4E4A, 20, 17, {0x00,0x01,0x00,0x03,0xF8,0x3F,0xF8,0x01,0x00,0x00,0x04,0x03,0x00,0xC0,0x20,0x06,0x04,0x00,0x20,0xC0,0x03,0x08,0x00,0x00,0x00,0x00,0x00,0x00,0x00,0x00,0x00,0x00,0x00,0x00,0x00,0x00,0x00,0x00,0x00,0x00,0x00,0x00,0x00}},
/*	之	*/{0x4E4B, 20, 20, {0x00,0x40,0x00,0x0C,0x00,0x00,0x60,0x00,0x03,0x00,0x00,0x20,0x83,0xFF,0xF8,0x00,0x03,0x80,0x00,0x30,0x00,0x06,0x00,0x00,0xC0,0x00,0x18,0x00,0x03,0x00,0x00,0x60,0x00,0x0C,0x00,0x01,0x80,0x00,0x70,0x00,0x3E,0x00,0x07,0x3C,0x3E,0x20,0xFF,0xE0,0x00,0x00}},
/*	乌	*/{0x4E4C, 20, 20, {0x00,0x80,0x00,0x0C,0x00,0x00,0x80,0x80,0xFF,0xF0,0x08,0x01,0x00,0x80,0x10,0x08,0x03,0x00,0x81,0xF0,0x08,0x00,0x00,0x80,0x00,0x0F,0xFF,0xC0,0x00,0x04,0x00,0x00,0x40,0x00,0x04,0x7F,0xFE,0x40,0x00,0x04,0x00,0x00,0xC0,0x00,0x8C,0x00,0x07,0x80,0x00,0x00}},
/*	乍	*/{0x4E4D, 20, 20, {0x03,0x00,0x00,0x60,0x00,0x06,0x00,0x00,0xFF,0xFE,0x08,0xC0,0x01,0x8C,0x00,0x30,0xC0,0x06,0x0C,0x00,0x20,0xFF,0xC0,0x0C,0x00,0x00,0xC0,0x00,0x0C,0x00,0x00,0xC0,0x00,0x0F,0xFC,0x00,0xC0,0x00,0x0C,0x00,0x00,0xC0,0x00,0x0C,0x00,0x00,0x00,0x00,0x00,0x00}},
/*	乎	*/{0x4E4E, 20, 18, {0x00,0x03,0x82,0x7F,0xF0,0x1F,0xE0,0x00,0x06,0x08,0x18,0x61,0x80,0xC6,0x10,0x04,0x63,0x00,0x66,0x60,0x00,0x60,0x07,0xFF,0xFE,0x7F,0xFF,0xE0,0x06,0x00,0x00,0x60,0x00,0x06,0x00,0x00,0x60,0x00,0x06,0x00,0x07,0xE0,0x00,0x3C,0x00}},
/*	乏	*/{0x4E4F, 20, 19, {0x00,0x0F,0x83,0xFF,0xF4,0x00,0x40,0x00,0x0C,0x00,0x00,0x60,0x00,0x06,0x00,0x00,0x00,0x83,0xFF,0xF8,0x00,0x03,0x00,0x00,0x60,0x00,0x0C,0x00,0x01,0x80,0x00,0x70,0x00,0x1C,0x00,0x1F,0x00,0x03,0x60,0x00,0x63,0xFF,0xE2,0x0F,0xFE,0x00,0x00,0x00}},
/*	乐	*/{0x4E50, 20, 18, {0x00,0x07,0x81,0xFF,0xF0,0x18,0x00,0x01,0x80,0x00,0x18,0x20,0x01,0x82,0x00,0x10,0x20,0x01,0x02,0x00,0x3F,0xFF,0xE1,0x02,0x00,0x00,0x20,0x00,0xC2,0x20,0x0C,0x21,0x01,0x82,0x18,0x30,0x20,0xC6,0x02,0x06,0x42,0x60,0x40,0x1E,0x00}},
/*	乑	*/{0x4E51, 20, 20, {0x00,0x07,0x80,0x0F,0xC0,0x3F,0xE0,0x01,0x06,0x00,0x00,0x60,0x80,0x36,0x0C,0x06,0x61,0x80,0xC7,0x60,0x38,0x7C,0x06,0x07,0x80,0x00,0x68,0x00,0x36,0xC0,0x06,0x66,0x00,0xC6,0x30,0x18,0x61,0xC3,0x06,0x0E,0x60,0x60,0x20,0x06,0x00,0x00,0x00,0x00,0x00,0x00}},
/*	乒	*/{0x4E52, 20, 19, {0x00,0x0F,0x00,0xFF,0xF8,0x0C,0x00,0x00,0xC0,0x00,0x0C,0x00,0x00,0xFF,0xFC,0x0C,0x04,0x00,0xC0,0x40,0x0C,0x04,0x00,0xC0,0x40,0x0C,0x04,0x07,0xFF,0xFE,0x00,0x00,0x00,0x18,0x00,0x07,0x00,0x00,0xE0,0x00,0x18,0x00,0x07,0x00,0x00,0x00,0x00,0x00}},
/*	乓	*/{0x4E53, 20, 19, {0x00,0x0F,0x00,0xFF,0xF8,0x0C,0x00,0x00,0xC0,0x00,0x0C,0x00,0x00,0xFF,0xFC,0x0C,0x04,0x00,0xC0,0x40,0x0C,0x04,0x00,0xC0,0x40,0x0C,0x04,0x07,0xFF,0xFE,0x00,0x00,0x00,0x00,0xC0,0x00,0x0E,0x00,0x00,0x38,0x00,0x01,0xC0,0x00,0x06,0x00,0x00,0x00}},
/*	乔	*/{0x4E54, 20, 19, {0x00,0x0F,0x83,0xFF,0xE0,0x00,0xC0,0x00,0x0C,0x00,0x00,0x80,0x07,0xFF,0xFE,0x03,0x0C,0x00,0x60,0x60,0x0C,0x03,0x03,0xA0,0xDC,0x72,0x0C,0xE4,0x20,0xC0,0x02,0x0C,0x00,0x20,0xC0,0x06,0x0C,0x00,0x60,0xC0,0x1C,0x0C,0x03,0x80,0xC0,0x00,0x00,0x00}},
/*	乕	*/{0x4E55, 20, 19, {0x00,0x0F,0x81,0xFF,0xE4,0x10,0x10,0x01,0x01,0x00,0x1F,0xFF,0xE1,0x01,0x00,0x10,0x10,0x01,0xFF,0xFE,0x10,0x10,0x01,0x01,0x00,0x17,0xFF,0xC3,0x7F,0xFC,0x34,0x10,0xC3,0x41,0x0C,0x24,0x10,0xC2,0x41,0x0C,0x64,0x17,0xC4,0x01,0x00,0x00,0x00,0x00}},
/*	乖	*/{0x4E56, 20, 19, {0x00,0x0F,0x83,0xFF,0xE0,0x00,0x60,0x00,0x06,0x00,0x7F,0xFF,0xE0,0x06,0x00,0x00,0x64,0x00,0x26,0x44,0x02,0x64,0xE7,0xE6,0x78,0x02,0x66,0x00,0x26,0x44,0x0E,0x64,0x27,0xA6,0x42,0x02,0x67,0xE0,0x06,0x00,0x00,0x60,0x00,0x06,0x00,0x00,0x00,0x00}},
/*	乗	*/{0x4E57, 20, 19, {0x00,0x0F,0x83,0xFF,0xE0,0x00,0x60,0x00,0x06,0x00,0x3F,0xFF,0xC0,0x46,0x20,0x04,0x62,0x00,0x46,0x20,0x7F,0xFF,0xE0,0x46,0x20,0x04,0x62,0x03,0xFF,0xFC,0x00,0xF0,0x00,0x1F,0x80,0x07,0x6E,0x01,0xC6,0x70,0x78,0x61,0xE2,0x06,0x04,0x00,0x00,0x00}},
/*	乘	*/{0x4E58, 20, 19, {0x00,0x0F,0x81,0xFF,0xE0,0x00,0x60,0x00,0x06,0x00,0x7F,0xFF,0xE0,0x06,0x00,0x02,0x64,0x00,0x26,0x4C,0x3E,0x67,0x80,0x26,0x40,0x02,0x64,0x47,0xEF,0x46,0x03,0xFF,0xC0,0x36,0xC0,0x06,0x66,0x01,0xC6,0x38,0x70,0x60,0xE4,0x06,0x02,0x00,0x00,0x00}},
/*	乙	*/{0x4E59, 20, 18, {0x3F,0xFF,0x03,0xFF,0xE0,0x00,0x0C,0x00,0x03,0x80,0x00,0x70,0x00,0x0E,0x00,0x01,0xC0,0x00,0x38,0x00,0x07,0x00,0x00,0xE0,0x00,0x1C,0x00,0x01,0x80,0x06,0x30,0x00,0x62,0x00,0x06,0x30,0x00,0x43,0xFF,0xFC,0x1F,0xFF,0x80,0x00,0x00}},
/*	乚	*/{0x4E5A, 20, 18, {0x08,0x00,0x00,0x80,0x00,0x08,0x00,0x00,0x80,0x00,0x08,0x00,0x00,0x80,0x00,0x08,0x00,0x00,0x80,0x00,0x08,0x00,0x00,0x80,0x00,0x08,0x00,0x00,0x80,0x00,0x08,0x00,0x80,0x80,0x0C,0x08,0x00,0xC0,0x80,0x08,0x0C,0x01,0x80,0x7F,0xF0}},
/*	乛	*/{0x4E5B, 20, 17, {0x3F,0xFF,0xE0,0x00,0x0C,0x00,0x00,0xC0,0x00,0x08,0x00,0x01,0x80,0x00,0x10,0x00,0x00,0x00,0x00,0x00,0x00,0x00,0x00,0x00,0x00,0x00,0x00,0x00,0x00,0x00,0x00,0x00,0x00,0x00,0x00,0x00,0x00,0x00,0x00,0x00,0x00,0x00,0x00}},
/*	乜	*/{0x4E5C, 20, 18, {0x04,0x00,0x00,0x40,0x00,0x04,0x00,0x00,0x40,0x18,0x04,0x0F,0x80,0x47,0x98,0x07,0xC1,0x01,0xE0,0x10,0x74,0x01,0x04,0x40,0x10,0x04,0x03,0x00,0x41,0xE0,0x04,0x00,0x00,0x40,0x04,0x04,0x00,0x60,0x40,0x04,0x06,0x00,0xC0,0x3F,0xF8}},
/*	九	*/{0x4E5D, 20, 20, {0x01,0x80,0x00,0x18,0x00,0x01,0x80,0x00,0x18,0x00,0x01,0x80,0x03,0xFF,0xE0,0x01,0x06,0x00,0x10,0x60,0x01,0x06,0x00,0x30,0x60,0x03,0x06,0x00,0x30,0x60,0x06,0x06,0x00,0x60,0x60,0x0C,0x06,0x31,0x80,0x62,0x38,0x06,0x26,0x00,0x7E,0x00,0x00,0x00,0x00,0x00}},
/*	乞	*/{0x4E5E, 20, 19, {0x06,0x00,0x00,0x60,0x00,0x0F,0xFF,0xE0,0x80,0x00,0x18,0x00,0x03,0x00,0x00,0x60,0x00,0x02,0xFF,0xF0,0x00,0x1C,0x00,0x03,0x80,0x00,0xE0,0x00,0x18,0x00,0x07,0x00,0x00,0xC0,0x00,0x18,0x00,0x61,0x80,0x06,0x1C,0x00,0xC0,0xFF,0xFC,0x00,0x00,0x00}},
/*	也	*/{0x4E5F, 20, 19, {0x00,0x20,0x00,0xC2,0x00,0x0C,0x20,0x00,0xC2,0x1C,0x0C,0x2F,0x80,0xC7,0x88,0x0F,0xE0,0x83,0xE2,0x08,0x7C,0x20,0x80,0xC2,0x08,0x0C,0x21,0x80,0xC2,0xF0,0x0C,0x20,0x00,0xC2,0x02,0x0C,0x00,0x60,0xC0,0x06,0x06,0x00,0xC0,0x7F,0xFC,0x00,0x00,0x00}},
/*	习	*/{0x4E60, 20, 18, {0x3F,0xFF,0xC0,0x00,0x0C,0x00,0x00,0xC0,0x40,0x0C,0x07,0x00,0xC0,0x38,0x0C,0x00,0xC0,0xC0,0x06,0x0C,0x00,0x00,0xC0,0x00,0xCC,0x00,0x7C,0xC0,0x3E,0x0C,0x1F,0x00,0x83,0x80,0x08,0x00,0x00,0x80,0x01,0x18,0x00,0x0F,0x00,0x00,0x00}},
/*	乡	*/{0x4E61, 20, 20, {0x00,0x60,0x00,0x0C,0x00,0x01,0x80,0x00,0x30,0x30,0x06,0x06,0x01,0xFF,0xC0,0x0E,0x30,0x00,0x0E,0x08,0x01,0x80,0xC0,0x70,0x38,0x3F,0xFF,0x01,0xE0,0x30,0x00,0x06,0x00,0x01,0xC0,0x00,0x38,0x00,0x1E,0x00,0x5F,0x80,0x03,0xC0,0x00,0x00,0x00,0x00,0x00,0x00}},
/*	乢	*/{0x4E62, 20, 19, {0x04,0x10,0x00,0x41,0x00,0x04,0x10,0x00,0x41,0x00,0x24,0x90,0x02,0x49,0x00,0x24,0x90,0x02,0x49,0x00,0x24,0x90,0x02,0x49,0x00,0x24,0x90,0x02,0x49,0x00,0x24,0x90,0x03,0xF9,0x02,0x20,0x90,0x22,0x09,0x02,0x20,0x18,0x60,0x01,0xFC,0x00,0x00,0x00}},
/*	乣	*/{0x4E63, 20, 19, {0x04,0x18,0x00,0xC1,0x80,0x0C,0x18,0x00,0x81,0x80,0x18,0x98,0x01,0x0D,0x80,0x31,0x98,0x06,0x11,0x80,0x7F,0x18,0x00,0x21,0x80,0x06,0x18,0x00,0xD9,0x80,0x08,0x98,0x01,0x89,0x82,0x30,0xD8,0x27,0xFD,0x82,0x78,0x48,0x60,0x06,0xFC,0x00,0x00,0x00}},
/*	乤	*/{0x4E64, 20, 18, {0x3F,0xFF,0xE0,0x04,0x00,0x00,0x40,0x00,0x05,0x80,0x00,0x4E,0x00,0x04,0x38,0x00,0x41,0x80,0x04,0x00,0x00,0x40,0x01,0xFF,0xF0,0x00,0x3C,0x00,0x0F,0x00,0x03,0x80,0x00,0xE0,0x04,0x18,0x00,0x61,0x00,0x06,0x1F,0xFF,0xE0,0xFF,0xFC}},
/*	乥	*/{0x4E65, 20, 19, {0x00,0x03,0x82,0x7F,0xF0,0x1F,0xC0,0x00,0x40,0x30,0x06,0x02,0x00,0x20,0x60,0x03,0x0C,0x00,0x00,0x40,0x1F,0xFF,0x00,0x01,0xC0,0x00,0x70,0x00,0x0E,0x00,0x03,0x80,0x00,0x60,0x00,0x0C,0x00,0x61,0x80,0x06,0x0C,0x00,0x60,0x7F,0xFC,0x00,0x00,0x00}},
/*	书	*/{0x4E66, 20, 20, {0x00,0xC1,0x00,0x0C,0x38,0x00,0xC0,0xE1,0xFF,0xF6,0x00,0xC1,0x00,0x0C,0x10,0x00,0xC1,0x00,0x0C,0x10,0x00,0xC1,0x07,0xFF,0xFE,0x7F,0xFF,0xE0,0x0C,0x06,0x00,0xC0,0x60,0x0C,0x06,0x00,0xC0,0x40,0x0C,0x0C,0x00,0xC7,0x80,0x0C,0x00,0x00,0x00,0x00,0x00,0x00}},
/*	乧	*/{0x4E67, 20, 19, {0x03,0x04,0x00,0x1C,0x40,0x0C,0x64,0x00,0x70,0x40,0x01,0x84,0x00,0x0F,0xFE,0x7F,0xF4,0x00,0x00,0x40,0x00,0x04,0x00,0x00,0x00,0x1F,0xFE,0x00,0x07,0x80,0x01,0xC0,0x00,0x70,0x00,0x0C,0x00,0x41,0x80,0x04,0x18,0x00,0xC0,0xFF,0xFC,0x00,0x00,0x00}},
/*	乨	*/{0x4E68, 20, 20, {0x06,0x08,0x00,0x40,0x80,0x0C,0x08,0x00,0x98,0x80,0x18,0x88,0x01,0x0C,0x80,0x3F,0xE8,0x07,0xFE,0x80,0x00,0x28,0x00,0x00,0x80,0x3F,0xC8,0x02,0x04,0x80,0x20,0x48,0x22,0x04,0x82,0x20,0x48,0x22,0x04,0x82,0x3F,0xCC,0x62,0x04,0xFC,0x00,0x00,0x00,0x00,0x00}},
/*	乩	*/{0x4E69, 20, 20, {0x04,0x0C,0x00,0x40,0xC0,0x04,0x0C,0x00,0x40,0xC0,0x07,0xEC,0x00,0x40,0xC0,0x04,0x0C,0x00,0x40,0xC0,0x04,0x0C,0x03,0xFC,0xC0,0x20,0x4C,0x02,0x04,0xC0,0x20,0x4C,0x22,0x04,0xC2,0x20,0x4C,0x22,0x04,0xC2,0x3F,0xCC,0x62,0x04,0x7C,0x00,0x00,0x00,0x00,0x00}},
/*	乪	*/{0x4E6A, 20, 18, {0x7F,0x7F,0xC0,0x34,0xCC,0x06,0x4C,0xC0,0x64,0xCC,0x04,0x4C,0xC0,0xC7,0xFC,0x08,0x4C,0xC1,0x84,0xCC,0x18,0x4C,0xC1,0x04,0xCC,0x30,0x7F,0xC2,0x07,0xFC,0x20,0x40,0xC6,0x00,0x06,0x60,0x00,0x67,0xFF,0xFE,0x3F,0xFF,0xC0,0x00,0x00}},
/*	乫	*/{0x4E6B, 20, 19, {0x04,0x00,0x00,0xC1,0xFC,0x7F,0xD8,0x40,0xCD,0x84,0x08,0xD8,0x41,0x8D,0x84,0x18,0x98,0x43,0x49,0xFC,0x63,0x80,0x00,0x00,0x00,0x1F,0xFE,0x00,0x03,0x80,0x01,0xE0,0x00,0x70,0x00,0x0C,0x00,0x61,0x80,0x06,0x18,0x00,0xC0,0xFF,0xFC,0x00,0x00,0x00}},
/*	乬	*/{0x4E6C, 20, 18, {0x1F,0xFF,0xC1,0x00,0x00,0x1F,0xFF,0x81,0x00,0x18,0x10,0x01,0x81,0xFF,0xF8,0x10,0x00,0x01,0x00,0x00,0x1F,0xFF,0xC0,0x00,0x00,0x1F,0xFE,0x00,0x07,0xC0,0x01,0xE0,0x00,0x70,0x00,0x1C,0x00,0x61,0x00,0x04,0x1F,0xFF,0xC0,0xFF,0xFC}},
/*	乭	*/{0x4E6D, 20, 18, {0x3F,0xFF,0xC0,0x10,0x00,0x06,0x00,0x00,0xFF,0xF0,0x1E,0x01,0x07,0x60,0x10,0x26,0x01,0x00,0x7F,0xF0,0x00,0x00,0x00,0x00,0x00,0x1F,0xFE,0x00,0x07,0x80,0x01,0xC0,0x00,0x70,0x00,0x0C,0x00,0x41,0x80,0x04,0x18,0x00,0xC0,0xFF,0xF8}},
/*	乮	*/{0x4E6E, 20, 19, {0x03,0x9F,0xC3,0xE1,0x0C,0x31,0x90,0xC3,0x19,0x0C,0x33,0x90,0xC3,0xF9,0x0C,0x31,0x13,0xC0,0x71,0x00,0x3C,0x10,0x01,0x00,0x00,0x1F,0xFF,0x00,0x03,0xC0,0x01,0xE0,0x00,0x70,0x00,0x0C,0x00,0x61,0x80,0x06,0x1F,0xFF,0xC0,0xFF,0xFC,0x00,0x00,0x00}},
/*	乯	*/{0x4E6F, 20, 18, {0x00,0x0F,0x81,0xFF,0xE0,0x0C,0x63,0x00,0x46,0x20,0x06,0x66,0x07,0xFF,0xFE,0x00,0x60,0x00,0x06,0x00,0x03,0xE0,0x00,0x00,0x00,0x1F,0xFE,0x00,0x07,0xC0,0x01,0xE0,0x00,0x70,0x00,0x0C,0x00,0x61,0x00,0x04,0x1F,0xFF,0xC0,0xFF,0xFC}},
/*	买	*/{0x4E70, 20, 19, {0x3F,0xFF,0xE0,0x00,0x0C,0x00,0x00,0xC0,0xE3,0x18,0x03,0xB1,0x00,0x0B,0x00,0x38,0x30,0x00,0xE3,0x00,0x04,0x20,0x00,0x02,0x00,0x7F,0xFF,0xE0,0x06,0x00,0x00,0xD0,0x00,0x0D,0xC0,0x03,0x87,0x00,0xE0,0x1C,0x78,0x00,0xE0,0x00,0x00,0x00,0x00,0x00}},
/*	乱	*/{0x4E71, 20, 20, {0x01,0xEC,0x03,0xF8,0xC0,0x76,0x0C,0x00,0x60,0xC0,0x06,0x0C,0x00,0x60,0xC0,0x7F,0xEC,0x00,0x60,0xC0,0x06,0x0C,0x00,0x60,0xC0,0x06,0x0C,0x03,0xFC,0xC0,0x20,0x4C,0x02,0x04,0xC2,0x20,0x4C,0x22,0x04,0xC2,0x3F,0xCC,0x62,0x04,0x7C,0x00,0x00,0x00,0x00,0x00}},
/*	乲	*/{0x4E72, 20, 19, {0x00,0x60,0x03,0x86,0x00,0x1E,0xFF,0xE0,0x48,0x8C,0x01,0x88,0x80,0x21,0x40,0x1E,0x36,0x07,0x06,0x30,0x03,0xC1,0xE0,0x10,0x04,0x1F,0xFF,0x00,0x03,0xC0,0x00,0xE0,0x00,0x38,0x00,0x0E,0x00,0x61,0x80,0x04,0x18,0x00,0xC0,0xFF,0xFC,0x00,0x00,0x00}},
/*	乳	*/{0x4E73, 20, 19, {0x47,0xE4,0x03,0xF0,0x40,0x04,0x24,0x03,0x66,0x40,0x12,0x44,0x01,0xAC,0x40,0x10,0x04,0x03,0xFE,0x40,0x00,0xC4,0x00,0x18,0x40,0x03,0x04,0x00,0x20,0x40,0x7F,0xE4,0x07,0xE0,0x42,0x02,0x04,0x20,0x20,0x42,0x02,0x04,0x61,0xE0,0x7C,0x00,0x00,0x00}},
/*	乴	*/{0x4E74, 20, 19, {0x04,0x01,0xC0,0x43,0xF0,0x7F,0xB8,0x00,0x42,0x00,0x04,0x20,0x00,0xFB,0xFE,0x7C,0x23,0x00,0x46,0x30,0x04,0x63,0x00,0x4C,0x30,0x3C,0x83,0x01,0xFF,0xE0,0x00,0x78,0x00,0x3C,0x00,0x0E,0x00,0x41,0x80,0x06,0x18,0x00,0x40,0xFF,0xFC,0x00,0x00,0x00}},
/*	乵	*/{0x4E75, 20, 20, {0x0C,0x0C,0x00,0x60,0xC0,0x7F,0xEC,0x00,0x00,0xC0,0x10,0xCC,0x01,0x08,0xC0,0x18,0x8C,0x01,0x98,0xC0,0x7F,0xEC,0x00,0x60,0xC0,0x06,0x0C,0x00,0x60,0xC0,0x7F,0xEC,0x00,0x60,0xC2,0x06,0x0C,0x20,0x60,0xC2,0x06,0x0C,0x60,0x60,0x7C,0x00,0x00,0x00,0x00,0x00}},
/*	乶	*/{0x4E76, 20, 19, {0x00,0x04,0x00,0x06,0x70,0x7F,0xFF,0xE0,0x06,0x00,0x1F,0xFF,0x81,0x06,0x08,0x1F,0xFF,0x81,0x06,0x08,0x1F,0xFF,0x81,0x06,0x08,0x00,0x00,0x01,0xFF,0xC0,0x00,0x78,0x00,0x1C,0x00,0x07,0x00,0x40,0xC0,0x04,0x08,0x00,0xC0,0xFF,0xFC,0x0F,0xFF,0x80}},
/*	乷	*/{0x4E77, 20, 19, {0x38,0x09,0x00,0xCC,0x98,0x40,0x88,0xC3,0x98,0x86,0x13,0x09,0xA0,0xE7,0x90,0x08,0x07,0x01,0x01,0xC0,0x33,0xF0,0x06,0x38,0x00,0x00,0x00,0x01,0xFF,0xE0,0x00,0xF0,0x00,0x38,0x00,0x0C,0x00,0x61,0x80,0x04,0x18,0x00,0x40,0xFF,0xFC,0x00,0x00,0x00}},
/*	乸	*/{0x4E78, 20, 19, {0x06,0x1F,0xC1,0x61,0x24,0x16,0x16,0x41,0x69,0x34,0x17,0x92,0x41,0x7B,0xFE,0x1E,0x94,0x47,0x69,0x6C,0x56,0x92,0xC1,0x6B,0x2C,0x16,0xBF,0xE1,0x78,0x08,0x16,0x00,0x81,0x60,0x78,0x10,0x00,0x21,0x00,0x06,0x1F,0xFF,0xE0,0xFF,0xFC,0x00,0x00,0x00}},
/*	乹	*/{0x4E79, 20, 20, {0x04,0x08,0x00,0x40,0x80,0x7F,0xE8,0x00,0x40,0x80,0x3F,0xC8,0x02,0x04,0x80,0x20,0x48,0x03,0xFC,0x80,0x20,0x48,0x02,0x04,0x80,0x3F,0xC8,0x00,0x40,0x80,0x04,0x08,0x00,0x40,0x82,0x7F,0xE8,0x20,0x40,0x82,0x04,0x0C,0x60,0x40,0xFC,0x00,0x00,0x00,0x00,0x00}},
/*	乺	*/{0x4E7A, 20, 19, {0x01,0xC3,0xC1,0xF1,0xF0,0x10,0x10,0x01,0xFD,0x00,0x10,0xDF,0xE1,0x0D,0x10,0x1F,0xD1,0x03,0x03,0x10,0x60,0x61,0x06,0x04,0x10,0x00,0x00,0x01,0xFF,0xE0,0x00,0xF0,0x00,0x38,0x00,0x0C,0x00,0x41,0x80,0x06,0x18,0x00,0xC0,0xFF,0xFC,0x00,0x00,0x00}},
/*	乻	*/{0x4E7B, 20, 19, {0x0C,0x06,0x00,0x40,0x70,0x7F,0xC9,0x81,0x81,0x0C,0x18,0x68,0x61,0xF8,0x70,0x11,0x81,0x81,0x19,0x00,0x31,0x1E,0x06,0x70,0x3C,0x40,0x00,0x81,0xFF,0xE0,0x00,0x78,0x00,0x1C,0x00,0x0E,0x00,0x41,0x80,0x06,0x18,0x00,0x40,0xFF,0xFC,0x00,0x00,0x00}},
/*	乼	*/{0x4E7C, 20, 19, {0x00,0x08,0x03,0x01,0x80,0x1C,0x08,0x00,0x5F,0xFC,0x60,0x08,0x01,0x80,0x80,0x09,0xFF,0xC0,0x40,0x80,0x18,0x08,0x07,0x3F,0xFE,0x20,0x00,0x00,0x00,0x00,0x1F,0xFE,0x00,0x0F,0x00,0x03,0x80,0x00,0xC0,0x06,0x18,0x00,0x61,0x80,0x04,0x0F,0xFF,0xC0}},
/*	乽	*/{0x4E7D, 20, 19, {0x00,0xC1,0x81,0xFF,0xF0,0x00,0xCE,0x07,0xFF,0xFE,0x01,0xC0,0x00,0xFF,0xF0,0x7E,0x01,0x04,0x7F,0xF0,0x06,0x01,0x00,0x7F,0xF0,0x00,0x00,0x01,0xFF,0xE0,0x00,0xF8,0x00,0x38,0x00,0x0C,0x00,0x41,0x80,0x06,0x18,0x00,0xC0,0xFF,0xFC,0x00,0x00,0x00}},
/*	乾	*/{0x4E7E, 20, 20, {0x04,0x0C,0x00,0x40,0x80,0x7F,0xD8,0x00,0x41,0xFE,0x04,0x30,0x03,0xFE,0x00,0x20,0xA0,0x03,0xF8,0x00,0x20,0x9F,0xC2,0x08,0x18,0x3F,0x83,0x00,0x40,0x60,0x04,0x04,0x07,0xFC,0xC0,0x04,0x18,0x20,0x41,0x02,0x04,0x30,0x60,0x41,0xFE,0x00,0x00,0x00,0x00,0x00}},
/*	乿	*/{0x4E7F, 20, 20, {0x03,0xEC,0x07,0xF0,0xC0,0x04,0x6C,0x02,0x64,0xC0,0x32,0x4C,0x01,0x68,0xC0,0x0C,0x8C,0x01,0x98,0xC0,0x3F,0x0C,0x02,0x6C,0xC0,0x0C,0x4C,0x07,0xFE,0xC0,0x32,0x2C,0x00,0x28,0xC2,0x1A,0xCC,0x23,0x26,0xC2,0x62,0x2C,0x64,0xE0,0x7C,0x00,0x00,0x00,0x00,0x00}},
/*	亀	*/{0x4E80, 20, 19, {0x07,0x00,0x00,0xFF,0x80,0x1C,0x30,0x07,0xFF,0xF8,0x38,0x61,0x81,0xFF,0xF8,0x18,0x61,0x81,0xFF,0xF8,0x00,0x60,0x03,0xFF,0xFC,0x30,0x60,0xC3,0x06,0x0C,0x3F,0xFF,0xC3,0x06,0x0C,0x30,0x60,0xC3,0xFF,0xFE,0x30,0x60,0x60,0x03,0xFC,0x00,0x00,0x00}},
/*	亁	*/{0x4E81, 20, 20, {0x04,0x0C,0x00,0x40,0x80,0x7F,0xD8,0x00,0x41,0xFE,0x04,0x30,0x03,0xFE,0x00,0x20,0xA0,0x03,0xF8,0x00,0x20,0x9F,0xC3,0xF8,0x18,0x00,0x03,0x07,0xF8,0x60,0x04,0x0C,0x00,0x40,0x80,0x04,0x10,0x27,0xFF,0x02,0x04,0x30,0x20,0x41,0xFE,0x00,0x00,0x00,0x00,0x00}},
/*	亂	*/{0x4E82, 20, 20, {0x03,0xE4,0x03,0xC4,0x40,0x12,0x64,0x01,0x24,0x40,0x1F,0xE4,0x00,0x0C,0x40,0x0F,0x84,0x00,0x30,0x40,0x3F,0xE4,0x02,0x62,0x40,0x25,0xA4,0x02,0xFE,0x40,0x20,0x24,0x02,0xFA,0x42,0x25,0x24,0x22,0xF2,0x42,0x26,0xA4,0x22,0x86,0x7C,0x00,0x00,0x00,0x00,0x00}},
/*	亃	*/{0x4E83, 20, 20, {0x33,0x32,0x01,0xB6,0x20,0x0B,0x42,0x03,0xFF,0x20,0x07,0x02,0x00,0xFC,0x20,0x1B,0x72,0x07,0x31,0x20,0x0B,0x22,0x01,0x02,0x20,0x1F,0xFA,0x03,0x22,0x20,0x64,0xA2,0x25,0xDA,0x22,0x0D,0xFA,0x21,0x82,0x22,0x30,0x22,0x26,0x02,0x3E,0x00,0x00,0x00,0x00,0x00}},
/*	亄	*/{0x4E84, 20, 19, {0x02,0x04,0x07,0xFF,0x40,0x02,0x04,0x03,0xFE,0x40,0x00,0x04,0x07,0xFF,0x40,0x40,0x34,0x05,0xFB,0x40,0x00,0x04,0x03,0xFE,0x40,0x20,0x64,0x02,0x06,0x40,0x3F,0xE4,0x21,0x08,0x42,0x19,0x84,0x20,0x9F,0x42,0x7F,0xC4,0x67,0x00,0x7C,0x00,0x00,0x00}},
/*	亅	*/{0x4E85, 20, 18, {0x00,0x60,0x00,0x06,0x00,0x00,0x60,0x00,0x06,0x00,0x00,0x60,0x00,0x06,0x00,0x00,0x60,0x00,0x06,0x00,0x00,0x60,0x00,0x06,0x00,0x00,0x60,0x00,0x06,0x00,0x00,0x60,0x00,0x06,0x00,0x00,0x60,0x00,0x06,0x00,0x07,0xE0,0x00,0x3C,0x00}},
/*	了	*/{0x4E86, 20, 18, {0x3F,0xFF,0xC0,0x00,0x18,0x00,0x03,0x00,0x00,0xE0,0x00,0x1C,0x00,0x07,0x00,0x00,0x60,0x00,0x06,0x00,0x00,0x60,0x00,0x06,0x00,0x00,0x60,0x00,0x06,0x00,0x00,0x60,0x00,0x06,0x00,0x00,0x60,0x00,0x46,0x00,0x03,0xC0,0x00,0x00,0x00}},
/*	亇	*/{0x4E87, 20, 20, {0x02,0x00,0x00,0x60,0x00,0x04,0x00,0x00,0xFF,0xFE,0x18,0x00,0xC1,0x80,0x0C,0x30,0x21,0x86,0x02,0x10,0x00,0x20,0x00,0x02,0x00,0x00,0x20,0x00,0x02,0x00,0x00,0x20,0x00,0x02,0x00,0x00,0x20,0x00,0x02,0x00,0x00,0x20,0x00,0x3E,0x00,0x00,0x00,0x00,0x00,0x00}},
/*	予	*/{0x4E88, 20, 19, {0x1F,0xFF,0x80,0x00,0x30,0x02,0x0E,0x00,0x39,0x80,0x00,0xF0,0x00,0x03,0xC0,0x7F,0xFF,0xE7,0xFF,0xFC,0x00,0x60,0xC0,0x06,0x18,0x00,0x63,0x80,0x06,0x10,0x00,0x60,0x00,0x06,0x00,0x00,0x60,0x00,0x06,0x00,0x03,0xE0,0x00,0x3C,0x00,0x00,0x00,0x00}},
/*	争	*/{0x4E89, 20, 20, {0x03,0x80,0x00,0x30,0x00,0x07,0xFE,0x00,0xC0,0xC0,0x78,0x18,0x03,0xFF,0xF8,0x00,0x61,0x80,0x06,0x18,0x7F,0xFF,0xE0,0x06,0x18,0x00,0x61,0x80,0x06,0x18,0x00,0x61,0x81,0xFF,0xF8,0x00,0x60,0x00,0x06,0x00,0x00,0x60,0x00,0x7E,0x00,0x03,0x00,0x00,0x00,0x00}},
/*	亊	*/{0x4E8A, 20, 20, {0x00,0x60,0x00,0x06,0x00,0x7F,0xFF,0xE0,0xC6,0x30,0x04,0x62,0x00,0x66,0x60,0x04,0x64,0x01,0xFF,0xF8,0x00,0x61,0x80,0x06,0x18,0x7F,0xFF,0xE0,0x06,0x18,0x00,0x61,0x81,0xFF,0xF8,0x00,0x61,0x80,0x06,0x00,0x00,0x60,0x00,0x3C,0x00,0x00,0x00,0x00,0x00,0x00}},
/*	事	*/{0x4E8B, 20, 19, {0x00,0x60,0x07,0xFF,0xFE,0x00,0x60,0x00,0x06,0x00,0x1F,0xFF,0x81,0x86,0x18,0x18,0x61,0x81,0xFF,0xF8,0x00,0x60,0x01,0xFF,0xF8,0x00,0x61,0x87,0xFF,0xFE,0x00,0x61,0x80,0x06,0x18,0x1F,0xFF,0x80,0x06,0x18,0x00,0x60,0x00,0x3C,0x00,0x00,0x00,0x00}},
/*	二	*/{0x4E8C, 20, 15, {0x1F,0xFF,0x81,0xFF,0xF8,0x00,0x00,0x00,0x00,0x00,0x00,0x00,0x00,0x00,0x00,0x00,0x00,0x00,0x00,0x00,0x00,0x00,0x00,0x00,0x00,0x00,0x00,0x00,0x00,0x00,0x00,0x00,0x07,0xFF,0xFE,0x7F,0xFF,0xE0}},
/*	亍	*/{0x4E8D, 20, 17, {0x1F,0xFF,0x80,0x00,0x00,0x00,0x00,0x00,0x00,0x00,0x00,0x00,0x07,0xFF,0xFE,0x00,0x60,0x00,0x06,0x00,0x00,0x60,0x00,0x06,0x00,0x00,0x60,0x00,0x06,0x00,0x00,0x60,0x00,0x06,0x00,0x00,0x60,0x00,0x7E,0x00,0x03,0xC0,0x00}},
/*	于	*/{0x4E8E, 20, 18, {0x3F,0xFF,0xC3,0xFF,0xFC,0x00,0x60,0x00,0x06,0x00,0x00,0x60,0x00,0x06,0x00,0x00,0x60,0x07,0xFF,0xFE,0x00,0x60,0x00,0x06,0x00,0x00,0x60,0x00,0x06,0x00,0x00,0x60,0x00,0x06,0x00,0x00,0x60,0x00,0x06,0x00,0x07,0xE0,0x00,0x00,0x00}},
/*	亏	*/{0x4E8F, 20, 19, {0x1F,0xFF,0x80,0x00,0x00,0x00,0x00,0x00,0x00,0x00,0x00,0x00,0x07,0xFF,0xFE,0x02,0x00,0x00,0x20,0x00,0x06,0x00,0x00,0x60,0x00,0x07,0xFF,0x80,0x00,0x18,0x00,0x01,0x00,0x00,0x10,0x00,0x01,0x00,0x00,0x30,0x00,0x03,0x00,0x07,0xE0,0x00,0x00,0x00}},
/*	亐	*/{0x4E90, 20, 19, {0x1F,0xFF,0x80,0x18,0x00,0x01,0x80,0x00,0x10,0x00,0x01,0x00,0x07,0xFF,0xFE,0x03,0x00,0x00,0x20,0x00,0x02,0x00,0x00,0x7F,0xF0,0x06,0x03,0x00,0x40,0x30,0x00,0x03,0x00,0x00,0x30,0x00,0x02,0x00,0x00,0x60,0x00,0x86,0x00,0x07,0xC0,0x00,0x00,0x00}},
/*	云	*/{0x4E91, 20, 18, {0x1F,0xFF,0x81,0xFF,0xF8,0x00,0x00,0x00,0x00,0x00,0x00,0x00,0x00,0x00,0x00,0x7F,0xFF,0xE7,0xFF,0xFE,0x01,0x80,0x00,0x30,0x40,0x03,0x0E,0x00,0x60,0x60,0x0C,0x03,0x00,0xC0,0x18,0x1B,0xFF,0x83,0xFF,0x8C,0x10,0x00,0x40,0x00,0x00}},
/*	互	*/{0x4E92, 20, 18, {0x3F,0xFF,0xC3,0xFF,0xFC,0x03,0x00,0x00,0x20,0x00,0x02,0x00,0x00,0x7F,0xE0,0x07,0xFE,0x00,0x60,0x20,0x06,0x02,0x00,0x40,0x60,0x0C,0x06,0x00,0xC0,0x60,0x0F,0xFE,0x00,0x00,0x60,0x00,0x04,0x00,0x00,0x40,0x7F,0xFF,0xE7,0xFF,0xFE}},
/*	亓	*/{0x4E93, 20, 18, {0x1F,0xFF,0x81,0xFF,0xF8,0x00,0x00,0x00,0x00,0x00,0x00,0x00,0x03,0xFF,0xFC,0x03,0x04,0x00,0x30,0x40,0x03,0x04,0x00,0x30,0x40,0x02,0x04,0x00,0x60,0x40,0x06,0x04,0x00,0xC0,0x40,0x0C,0x04,0x03,0x80,0x40,0x70,0x04,0x00,0x00,0x00}},
/*	五	*/{0x4E94, 20, 17, {0x3F,0xFF,0xC0,0x0C,0x00,0x00,0xC0,0x00,0x08,0x00,0x00,0x80,0x00,0x08,0x00,0x1F,0xFF,0x01,0xFF,0xF0,0x01,0x82,0x00,0x18,0x20,0x01,0x02,0x00,0x10,0x20,0x01,0x02,0x00,0x30,0x60,0x03,0x06,0x07,0xFF,0xFE,0x7F,0xFF,0xE0}},
/*	井	*/{0x4E95, 20, 20, {0x02,0x04,0x00,0x20,0x40,0x02,0x04,0x00,0x20,0x40,0x3F,0xFF,0xC0,0x20,0x40,0x02,0x04,0x00,0x20,0x40,0x02,0x04,0x00,0x20,0x40,0x02,0x04,0x07,0xFF,0xFE,0x06,0x04,0x00,0x60,0x40,0x0C,0x04,0x00,0xC0,0x40,0x18,0x04,0x07,0x00,0x40,0x20,0x00,0x00,0x00,0x00}},
/*	亖	*/{0x4E96, 20, 17, {0x0F,0xFF,0x00,0x00,0x00,0x00,0x00,0x00,0x00,0x00,0x3F,0xFF,0xC3,0xFF,0xFC,0x00,0x00,0x00,0x00,0x00,0x00,0x00,0x00,0xFF,0xF0,0x0F,0xFF,0x00,0x00,0x00,0x00,0x00,0x00,0x00,0x00,0x00,0x00,0x07,0xFF,0xFE,0x7F,0xFF,0xE0}},
/*	亗	*/{0x4E97, 20, 19, {0x00,0x60,0x03,0x06,0x0C,0x30,0x60,0xC3,0x06,0x0C,0x30,0x60,0xC3,0x06,0x0C,0x3F,0xFF,0xC0,0x00,0x00,0x00,0x00,0x00,0x00,0x00,0x1F,0xFF,0x80,0x00,0x00,0x00,0x00,0x00,0x00,0x00,0x00,0x00,0x00,0x00,0x00,0x7F,0xFF,0xE7,0xFF,0xFE,0x00,0x00,0x00}},
/*	亘	*/{0x4E98, 20, 17, {0x3F,0xFF,0xC3,0xFF,0xFC,0x00,0x00,0x00,0x00,0x00,0x0F,0xFF,0x00,0xC0,0x30,0x0C,0x03,0x00,0xC0,0x30,0x0F,0xFF,0x00,0xC0,0x30,0x0C,0x03,0x00,0xC0,0x30,0x0F,0xFF,0x00,0x00,0x00,0x00,0x00,0x07,0xFF,0xFE,0x7F,0xFF,0xE0}},
/*	亙	*/{0x4E99, 20, 17, {0x3F,0xFF,0xC0,0x30,0x00,0x03,0x00,0x00,0x30,0x00,0x03,0xFF,0x00,0x20,0x20,0x06,0x82,0x00,0x6E,0x20,0x06,0x32,0x00,0x41,0x60,0x0D,0x06,0x00,0xDC,0x60,0x0C,0x66,0x00,0x03,0x40,0x00,0x04,0x07,0xFF,0xFE,0x7F,0xFF,0xE0}},
/*	亚	*/{0x4E9A, 20, 17, {0x7F,0xFF,0xE0,0x11,0x80,0x01,0x18,0x00,0x11,0x80,0x01,0x18,0x02,0x11,0x8C,0x31,0x18,0xC1,0x11,0x88,0x19,0x19,0x81,0x91,0x90,0x09,0x1B,0x00,0xD1,0xA0,0x01,0x18,0x00,0x11,0x80,0x01,0x18,0x00,0x11,0x80,0x7F,0xFF,0xE0}},
/*	些	*/{0x4E9B, 20, 19, {0x06,0x10,0x00,0x61,0x00,0x36,0x10,0xC3,0x7D,0x3C,0x36,0x1F,0x03,0x61,0xC0,0x36,0x10,0x03,0x61,0x02,0x36,0x10,0x23,0x7D,0x86,0x7F,0x9F,0xE4,0x00,0x00,0x00,0x00,0x01,0xFF,0xF8,0x00,0x00,0x00,0x00,0x00,0x00,0x00,0x07,0xFF,0xFE,0x00,0x00,0x00}},
/*	亜	*/{0x4E9C, 20, 17, {0x3F,0xFF,0xC3,0xFF,0xFC,0x01,0x18,0x00,0x11,0x80,0x01,0x18,0x03,0xFF,0xFC,0x31,0x18,0xC3,0x11,0x8C,0x31,0x18,0xC3,0x11,0x8C,0x31,0x18,0xC3,0xFF,0xFC,0x31,0x18,0xC0,0x11,0x80,0x01,0x18,0x00,0x11,0x80,0x7F,0xFF,0xE0}},
/*	亝	*/{0x4E9D, 20, 19, {0x01,0x80,0x00,0x30,0xC0,0x06,0x06,0x03,0x9F,0xF0,0x1F,0xE1,0x80,0xC0,0x48,0x18,0x0C,0x81,0x31,0x98,0x31,0x90,0xC7,0xFB,0xFC,0x40,0xC0,0x60,0x00,0x00,0x1F,0xFF,0x80,0x00,0x00,0x00,0x00,0x00,0x00,0x00,0x00,0x00,0x07,0xFF,0xFE,0x00,0x00,0x00}},
/*	亞	*/{0x4E9E, 20, 17, {0x3F,0xFF,0xE3,0xFF,0xFE,0x01,0x18,0x00,0x11,0x80,0x01,0x18,0x03,0xF1,0xFC,0x30,0x00,0xC3,0x00,0x0C,0x30,0x00,0xC3,0x00,0x0C,0x30,0x00,0xC3,0xF1,0xFC,0x01,0x18,0x00,0x11,0x80,0x01,0x18,0x00,0x11,0x80,0x7F,0xFF,0xE0}},
/*	亟	*/{0x4E9F, 20, 19, {0x1F,0xFF,0x00,0x00,0x70,0x00,0x0C,0x00,0x03,0x00,0x00,0x60,0x03,0xE7,0xFC,0x22,0x60,0xC2,0x27,0x88,0x22,0x6C,0x82,0x26,0x78,0x22,0x63,0x03,0xE6,0x30,0x00,0x67,0x80,0x06,0xCC,0x03,0xD8,0x80,0x00,0x00,0x7F,0xFF,0xE7,0xFF,0xFE,0x00,0x00,0x00}},
/*	亠	*/{0x4EA0, 20, 18, {0x00,0xC0,0x00,0x0C,0x00,0x00,0x60,0x00,0x03,0x00,0x00,0x20,0x07,0xFF,0xFE,0x00,0x00,0x00,0x00,0x00,0x00,0x00,0x00,0x00,0x00,0x00,0x00,0x00,0x00,0x00,0x00,0x00,0x00,0x00,0x00,0x00,0x00,0x00,0x00,0x00,0x00,0x00,0x00,0x00,0x00}},
/*	亡	*/{0x4EA1, 20, 19, {0x00,0xE0,0x00,0x06,0x00,0x00,0x20,0x00,0x03,0x00,0x7F,0xFF,0xE0,0xC0,0x00,0x0C,0x00,0x00,0xC0,0x00,0x0C,0x00,0x00,0xC0,0x00,0x0C,0x00,0x00,0xC0,0x00,0x0C,0x00,0x00,0xC0,0x00,0x0C,0x00,0x00,0xC0,0x00,0x0F,0xFF,0xC0,0xFF,0xFC,0x00,0x00,0x00}},
/*	亢	*/{0x4EA2, 20, 20, {0x00,0x40,0x00,0x06,0x00,0x00,0x60,0x00,0x03,0x00,0x00,0x00,0x07,0xFF,0xFE,0x00,0x00,0x00,0x00,0x00,0x03,0xFC,0x00,0x20,0x40,0x02,0x04,0x00,0x20,0x40,0x02,0x04,0x00,0x60,0x40,0x06,0x04,0x20,0xC0,0x42,0x0C,0x04,0x23,0x80,0x42,0x60,0x07,0xE4,0x00,0x00}},
/*	亣	*/{0x4EA3, 20, 20, {0x00,0x60,0x00,0x06,0x00,0x00,0x30,0x00,0x00,0x00,0x7F,0xFF,0xE0,0x20,0x40,0x02,0x04,0x00,0x20,0x40,0x02,0x04,0x00,0x20,0x40,0x06,0x04,0x00,0x60,0x40,0x06,0x04,0x00,0x40,0x40,0x0C,0x04,0x01,0x80,0x40,0x30,0x04,0x07,0x00,0x40,0x00,0x00,0x00,0x00,0x00}},
/*	交	*/{0x4EA4, 20, 20, {0x00,0x40,0x00,0x0C,0x00,0x00,0x60,0x00,0x02,0x00,0x7F,0xFF,0xE0,0x00,0x00,0x03,0x0E,0x00,0x60,0x30,0x1C,0x01,0x87,0x20,0x6E,0x23,0x0C,0x40,0x10,0xC0,0x01,0x98,0x00,0x0F,0x00,0x00,0x60,0x00,0x0F,0x00,0x03,0x9C,0x01,0xE0,0x78,0x78,0x01,0xE0,0x00,0x00}},
/*	亥	*/{0x4EA5, 20, 20, {0x00,0xC0,0x00,0x06,0x00,0x00,0x60,0x07,0xFF,0xFE,0x01,0x80,0x00,0x18,0x00,0x03,0x06,0x00,0x60,0xC0,0x1F,0xF8,0x00,0xFB,0x18,0x00,0x61,0x80,0x1C,0x30,0x07,0x06,0x03,0xC1,0xC0,0x30,0x38,0x00,0x0E,0xE0,0x03,0xC7,0x01,0xF0,0x1C,0x78,0x00,0xE0,0x00,0x00}},
/*	亦	*/{0x4EA6, 20, 20, {0x00,0x40,0x00,0x0C,0x00,0x00,0x60,0x00,0x03,0x00,0x7F,0xFF,0xE0,0x18,0xC0,0x01,0x8C,0x00,0x18,0xC0,0x09,0x8F,0x01,0x98,0xD8,0x19,0x8C,0x83,0x10,0xCC,0x31,0x0C,0x46,0x30,0xC6,0x03,0x0C,0x60,0x60,0xC0,0x06,0x0C,0x00,0xC4,0xC0,0x38,0x78,0x01,0x00,0x00}},
/*	产	*/{0x4EA7, 20, 20, {0x00,0xE0,0x00,0x06,0x00,0x3F,0xFF,0xC0,0x00,0x00,0x06,0x02,0x00,0x30,0x60,0x01,0x04,0x00,0x00,0xC0,0x3F,0xFF,0xE3,0x00,0x00,0x30,0x00,0x03,0x00,0x00,0x30,0x00,0x03,0x00,0x00,0x30,0x00,0x02,0x00,0x00,0x60,0x00,0x06,0x00,0x00,0x40,0x00,0x00,0x00,0x00}},
/*	亨	*/{0x4EA8, 20, 19, {0x00,0x40,0x00,0x06,0x00,0x00,0x60,0x07,0xFF,0xFE,0x00,0x00,0x00,0xFF,0xF0,0x0C,0x01,0x00,0xC0,0x10,0x0F,0xFF,0x00,0x00,0x00,0x00,0x00,0x03,0xFF,0xFC,0x00,0x07,0x00,0x03,0x80,0x00,0x60,0x00,0x06,0x00,0x00,0x60,0x00,0x46,0x00,0x03,0xC0,0x00}},
/*	亩	*/{0x4EA9, 20, 20, {0x00,0x40,0x00,0x0C,0x00,0x00,0x60,0x00,0x02,0x00,0x7F,0xFF,0xE0,0x00,0x00,0x00,0x00,0x01,0xFF,0xF8,0x10,0x60,0x81,0x06,0x08,0x10,0x60,0x81,0xFF,0xF8,0x10,0x60,0x81,0x06,0x08,0x10,0x60,0x81,0x06,0x08,0x10,0x60,0x81,0xFF,0xF8,0x10,0x00,0x80,0x00,0x00}},
/*	亪	*/{0x4EAA, 20, 20, {0x00,0x40,0x00,0x06,0x00,0x00,0x60,0x07,0xFF,0xFE,0x01,0x88,0x00,0xD8,0x90,0x09,0x0B,0x01,0x10,0x98,0x33,0x08,0xC6,0x20,0x84,0x0E,0x78,0x00,0x80,0x00,0x00,0x00,0x03,0xFF,0xE0,0x00,0x06,0x00,0x00,0x60,0x00,0x03,0x00,0x00,0x18,0x00,0x00,0xE0,0x00,0x00}},
/*	享	*/{0x4EAB, 20, 20, {0x00,0x20,0x00,0x06,0x00,0x00,0x60,0x07,0xFF,0xFE,0x00,0x00,0x00,0xFF,0xF0,0x08,0x01,0x00,0x80,0x10,0x0F,0xFF,0x00,0x00,0x00,0x1F,0xFF,0x80,0x00,0xF0,0x00,0x78,0x00,0x06,0x00,0x7F,0xFF,0xE0,0x06,0x00,0x00,0x60,0x00,0x06,0x00,0x03,0xC0,0x00,0x00,0x00}},
/*	京	*/{0x4EAC, 20, 20, {0x00,0x40,0x00,0x0C,0x00,0x00,0x60,0x07,0xFF,0xFE,0x00,0x00,0x00,0x00,0x00,0x00,0x00,0x00,0xFF,0xF0,0x08,0x01,0x00,0x80,0x10,0x08,0x01,0x00,0xFF,0xF0,0x00,0x60,0x00,0x06,0x20,0x0C,0x63,0x01,0x86,0x18,0x30,0x60,0xC6,0x06,0x06,0x03,0xC0,0x00,0x00,0x00}},
/*	亭	*/{0x4EAD, 20, 19, {0x00,0x40,0x00,0x06,0x00,0x00,0x60,0x07,0xFF,0xFE,0x00,0x00,0x00,0xFF,0xF0,0x08,0x01,0x00,0x80,0x10,0x0F,0xFF,0x00,0x00,0x00,0x7F,0xFF,0xE6,0x00,0x06,0x60,0x00,0x66,0xFF,0xF6,0x00,0x20,0x00,0x02,0x00,0x00,0x20,0x00,0x02,0x00,0x03,0xE0,0x00}},
/*	亮	*/{0x4EAE, 20, 20, {0x00,0x20,0x00,0x06,0x00,0x00,0x60,0x07,0xFF,0xFE,0x00,0x00,0x00,0xFF,0xF0,0x0C,0x01,0x00,0xC0,0x10,0x0F,0xFF,0x00,0x00,0x00,0x3F,0xFF,0xC2,0x00,0x04,0x20,0x00,0x42,0x3F,0xC4,0x02,0x0C,0x00,0x20,0xC0,0x06,0x0C,0x60,0xC0,0xC6,0x78,0x07,0xC0,0x00,0x00}},
/*	亯	*/{0x4EAF, 20, 20, {0x00,0x40,0x00,0x06,0x00,0x00,0x20,0x07,0xFF,0xFE,0x00,0x00,0x00,0xFF,0xF0,0x0C,0x03,0x00,0xC0,0x30,0x0F,0xFF,0x00,0x00,0x00,0x00,0x00,0x01,0xFF,0xF8,0x10,0x00,0x81,0x00,0x08,0x1F,0xFF,0x81,0x00,0x08,0x10,0x00,0x81,0xFF,0xF8,0x1F,0xFF,0x80,0x00,0x00}},
/*	亰	*/{0x4EB0, 20, 19, {0x00,0x60,0x00,0x06,0x00,0x7F,0xFF,0xE0,0x00,0x00,0x00,0x00,0x00,0xFF,0xF0,0x08,0x01,0x00,0x80,0x10,0x0F,0xFF,0x00,0x80,0x10,0x08,0x01,0x00,0xFF,0xF0,0x00,0x60,0x00,0xC6,0x60,0x08,0x63,0x03,0x86,0x1C,0x62,0x60,0xE0,0x1E,0x00,0x00,0x00,0x00}},
/*	亱	*/{0x4EB1, 20, 20, {0x00,0x40,0x00,0x0E,0x00,0x00,0x60,0x07,0xFF,0xFE,0x04,0x00,0x00,0x60,0x00,0x0C,0xFF,0x80,0x8C,0x08,0x18,0xC0,0x83,0x8C,0x08,0x78,0xFF,0x86,0x8C,0x08,0x48,0xC0,0x80,0x8C,0x08,0x08,0xFF,0x80,0x8F,0xF8,0x08,0x00,0x00,0x9F,0xFE,0x09,0xFF,0xE0,0x00,0x00}},
/*	亲	*/{0x4EB2, 20, 20, {0x00,0xC0,0x00,0x06,0x00,0x1F,0xFF,0xC0,0x20,0x00,0x06,0x06,0x00,0x20,0x40,0x03,0x0C,0x07,0xFF,0xFE,0x00,0x60,0x00,0x06,0x00,0x00,0x60,0x03,0xFF,0xFC,0x00,0x60,0x00,0x66,0x60,0x0C,0x63,0x01,0x86,0x18,0x30,0x60,0xC1,0x3E,0x08,0x00,0x00,0x00,0x00,0x00}},
/*	亳	*/{0x4EB3, 20, 19, {0x00,0x40,0x00,0x0E,0x00,0x00,0x60,0x07,0xFF,0xFE,0x00,0x00,0x00,0xFF,0xF0,0x08,0x01,0x00,0x80,0x10,0x0F,0xFF,0x00,0x00,0x00,0x3F,0xFF,0xC2,0x00,0x04,0x20,0x1E,0x42,0xFF,0x04,0x00,0xC0,0x00,0x0F,0xFC,0x7F,0xC0,0x00,0x0C,0x06,0x00,0x7F,0xC0}},
/*	亴	*/{0x4EB4, 20, 20, {0x00,0x20,0x00,0x06,0x00,0x3F,0xFF,0xE0,0x00,0x00,0x0F,0xFF,0x00,0xC0,0x30,0x0F,0xFF,0x00,0x00,0x00,0x7F,0xFF,0xE6,0x06,0x06,0x6F,0xFF,0x60,0x06,0x00,0x1F,0xFF,0x80,0x08,0x00,0x3F,0xFC,0x00,0x18,0x44,0x03,0x04,0x20,0xE0,0x46,0x78,0x07,0xC0,0x00,0x00}},
/*	亵	*/{0x4EB5, 20, 20, {0x00,0x40,0x00,0x06,0x00,0x7F,0xFF,0xE0,0x00,0x00,0x04,0x08,0x03,0xFF,0xF8,0x04,0x09,0x80,0x4E,0x98,0x7F,0xB8,0x82,0x43,0xCA,0x04,0xE6,0xA3,0xC6,0x0E,0x00,0xE1,0x80,0x72,0x30,0x3E,0x3E,0x07,0x61,0x80,0x06,0x16,0x00,0x7E,0x3E,0x0F,0x00,0x40,0x00,0x00}},
/*	亶	*/{0x4EB6, 20, 19, {0x00,0x40,0x00,0x06,0x00,0x7F,0xFF,0xE0,0x00,0x00,0x1F,0xFF,0x81,0x00,0x08,0x13,0xF8,0x81,0x30,0x88,0x13,0xF8,0x81,0x00,0x08,0x1F,0xFF,0x80,0x00,0x00,0x0F,0xFF,0x00,0x80,0x30,0x0F,0xFF,0x00,0x80,0x30,0x0F,0xFF,0x00,0x00,0x00,0x7F,0xFF,0xE0}},
/*	亷	*/{0x4EB7, 20, 20, {0x00,0x60,0x00,0x02,0x00,0x3F,0xFF,0xE0,0x10,0x60,0x01,0x84,0x01,0xFF,0xFC,0x10,0xCC,0x01,0x7F,0xF8,0x10,0xCC,0x81,0x0C,0xC8,0x17,0xFF,0xE1,0x0C,0xC8,0x37,0xFF,0x83,0x0C,0xC0,0x31,0xCF,0x02,0x6C,0xD8,0x2C,0xCC,0xE6,0x8C,0xC0,0x00,0x00,0x00,0x00,0x00}},
/*	亸	*/{0x4EB8, 20, 20, {0x08,0x00,0x00,0x83,0x0C,0x0C,0x18,0x87,0xF0,0x90,0x00,0x7F,0xC3,0xF4,0x44,0x23,0x44,0x42,0x34,0x44,0x3F,0x7F,0xC0,0x04,0x44,0x7F,0x44,0x40,0x27,0xFC,0x0C,0x04,0x00,0xF0,0x40,0x78,0xFF,0xE0,0x80,0x40,0x08,0x04,0x00,0x80,0x40,0x38,0x04,0x00,0x00,0x00}},
/*	亹	*/{0x4EB9, 20, 19, {0x00,0x20,0x00,0x06,0x00,0x7F,0xFF,0xE0,0x00,0x00,0x0F,0xFF,0x81,0x90,0x88,0x11,0x68,0x81,0xD0,0xB8,0x11,0x68,0x81,0x16,0x88,0x1F,0x6B,0x81,0x10,0x88,0x7F,0xFF,0xE6,0x00,0x06,0x07,0xFE,0x00,0x40,0x20,0x07,0xFE,0x00,0x40,0x20,0x7F,0xFF,0xE0}},
/*	人	*/{0x4EBA, 20, 20, {0x00,0x60,0x00,0x06,0x00,0x00,0x60,0x00,0x06,0x00,0x00,0x60,0x00,0x06,0x00,0x00,0xE0,0x00,0x0F,0x00,0x00,0xF0,0x00,0x09,0x00,0x01,0x98,0x00,0x10,0x80,0x03,0x0C,0x00,0x60,0x60,0x0E,0x03,0x01,0xC0,0x38,0x38,0x01,0xC6,0x00,0x06,0x00,0x00,0x00,0x00,0x00}},
/*	亻	*/{0x4EBB, 20, 20, {0x00,0xC0,0x00,0x18,0x00,0x01,0x00,0x00,0x30,0x00,0x06,0x00,0x00,0x60,0x00,0x0E,0x00,0x01,0xE0,0x00,0x36,0x00,0x06,0x60,0x00,0x46,0x00,0x00,0x60,0x00,0x06,0x00,0x00,0x60,0x00,0x06,0x00,0x00,0x60,0x00,0x06,0x00,0x00,0x60,0x00,0x00,0x00,0x00,0x00,0x00}},
/*	亼	*/{0x4EBC, 20, 19, {0x00,0x20,0x00,0x06,0x00,0x00,0x60,0x00,0x06,0x00,0x00,0x60,0x00,0x06,0x00,0x00,0xF0,0x00,0x0D,0x00,0x01,0x98,0x00,0x18,0x80,0x03,0x0C,0x00,0x60,0x60,0x0C,0x03,0x03,0x80,0x1E,0x70,0x00,0xC0,0x00,0x00,0x00,0x00,0x07,0xFF,0xFE,0x00,0x00,0x00}},
/*	亽	*/{0x4EBD, 20, 18, {0x00,0x60,0x00,0x06,0x00,0x00,0xF0,0x00,0x19,0x80,0x03,0x0C,0x00,0x60,0x60,0x1C,0x03,0x83,0x00,0x0E,0x60,0x00,0x60,0x00,0x00,0x00,0x00,0x00,0x38,0x00,0x00,0xE0,0x00,0x07,0x00,0x00,0x1C,0x00,0x00,0x80,0x00,0x00,0x00,0x00,0x00}},
/*	亾	*/{0x4EBE, 20, 19, {0x00,0x30,0x03,0x03,0x00,0x30,0x30,0x03,0x03,0x00,0x30,0x30,0x03,0x03,0x00,0x30,0x38,0x03,0x06,0x80,0x30,0x6C,0x03,0x04,0x40,0x30,0xC6,0x03,0x18,0x30,0x31,0x81,0x83,0x70,0x0E,0x36,0x00,0x43,0x00,0x00,0x30,0x00,0x03,0xFF,0xFE,0x00,0x00,0x00}},
/*	亿	*/{0x4EBF, 20, 20, {0x06,0x00,0x00,0x4F,0xFC,0x0C,0x01,0xC0,0x80,0x18,0x18,0x03,0x01,0x80,0x60,0x38,0x0C,0x06,0x80,0xC0,0x48,0x18,0x00,0x83,0x00,0x08,0x20,0x00,0x86,0x00,0x08,0xC0,0x60,0x8C,0x06,0x09,0x80,0x60,0x98,0x04,0x08,0xC0,0xC0,0x87,0xFC,0x00,0x00,0x00,0x00,0x00}},
/*	什	*/{0x4EC0, 20, 20, {0x06,0x0C,0x00,0x60,0xC0,0x04,0x0C,0x00,0xC0,0xC0,0x18,0x0C,0x01,0x80,0xC0,0x38,0x0C,0x06,0x9F,0xFE,0x48,0x0C,0x00,0x80,0xC0,0x08,0x0C,0x00,0x80,0xC0,0x08,0x0C,0x00,0x80,0xC0,0x08,0x0C,0x00,0x80,0xC0,0x08,0x0C,0x00,0x80,0xC0,0x00,0x00,0x00,0x00,0x00}},
/*	仁	*/{0x4EC1, 20, 20, {0x02,0x00,0x00,0x60,0x00,0x04,0x00,0x00,0xCF,0xFC,0x18,0xFF,0xC1,0x80,0x00,0x38,0x00,0x06,0x80,0x00,0x68,0x00,0x04,0x80,0x00,0x08,0x00,0x00,0x80,0x00,0x08,0x00,0x00,0x80,0x00,0x08,0x00,0x00,0x9F,0xFE,0x09,0xFF,0xE0,0x80,0x00,0x00,0x00,0x00,0x00,0x00}},
/*	仂	*/{0x4EC2, 20, 20, {0x06,0x18,0x00,0x41,0x80,0x0C,0x18,0x00,0x81,0x80,0x18,0x10,0x21,0x9F,0xFC,0x38,0x10,0x47,0x81,0x04,0x58,0x10,0x41,0x81,0x04,0x18,0x30,0x41,0x83,0x04,0x18,0x20,0x41,0x86,0x04,0x18,0x40,0xC1,0x8C,0x0C,0x19,0x88,0xC1,0xB0,0x78,0x00,0x00,0x00,0x00,0x00}},
/*	仃	*/{0x4EC3, 20, 20, {0x06,0x00,0x00,0x5F,0xFE,0x0C,0x06,0x00,0x80,0x60,0x18,0x06,0x03,0x80,0x60,0x38,0x06,0x07,0x80,0x60,0x58,0x06,0x05,0x80,0x60,0x18,0x06,0x01,0x80,0x60,0x18,0x06,0x01,0x80,0x60,0x18,0x06,0x01,0x80,0x60,0x18,0x3E,0x01,0x83,0xC0,0x00,0x00,0x00,0x00,0x00}},
/*	仄	*/{0x4EC4, 20, 18, {0x1F,0xFF,0xE1,0x00,0x00,0x10,0x18,0x01,0x01,0x00,0x10,0x10,0x01,0x01,0x00,0x10,0x10,0x01,0x03,0x00,0x10,0x38,0x03,0x03,0x80,0x30,0x2C,0x03,0x06,0x40,0x30,0x46,0x02,0x0C,0x30,0x21,0x81,0x86,0x30,0x0C,0x4E,0x00,0x60,0x00,0x00}},
/*	仅	*/{0x4EC5, 20, 20, {0x02,0x00,0x00,0x60,0x00,0x05,0xFF,0xC0,0xC8,0x04,0x18,0xC0,0xC1,0x84,0x0C,0x38,0x40,0x86,0x86,0x18,0xC8,0x21,0x04,0x82,0x30,0x08,0x32,0x00,0x81,0xE0,0x08,0x0C,0x00,0x81,0xC0,0x08,0x3E,0x00,0x87,0x30,0x09,0xC1,0xC0,0xB8,0x06,0x00,0x00,0x00,0x00,0x00}},
/*	仆	*/{0x4EC6, 20, 20, {0x06,0x10,0x00,0x61,0x00,0x04,0x10,0x00,0xC1,0x00,0x18,0x10,0x01,0x81,0x40,0x38,0x16,0x06,0x81,0x30,0x68,0x11,0x84,0x81,0x0C,0x08,0x10,0x60,0x81,0x04,0x08,0x10,0x00,0x81,0x00,0x08,0x10,0x00,0x81,0x00,0x08,0x10,0x00,0x81,0x00,0x00,0x00,0x00,0x00,0x00}},
/*	仇	*/{0x4EC7, 20, 20, {0x06,0x20,0x00,0x42,0x00,0x0C,0x20,0x00,0x82,0x00,0x18,0x20,0x03,0xBF,0xF0,0x38,0x21,0x07,0x82,0x10,0x58,0x61,0x01,0x86,0x10,0x18,0x61,0x01,0x84,0x10,0x18,0x41,0x01,0x8C,0x12,0x18,0x81,0x21,0x98,0x12,0x1B,0x01,0x21,0xE0,0x1E,0x00,0x00,0x00,0x00,0x00}},
/*	仈	*/{0x4EC8, 20, 20, {0x06,0x00,0x00,0x42,0x30,0x0C,0x23,0x00,0x82,0x30,0x18,0x23,0x03,0x86,0x30,0x38,0x63,0x07,0x86,0x10,0x58,0x61,0x01,0x84,0x10,0x18,0x41,0x01,0x84,0x18,0x18,0xC1,0x81,0x8C,0x08,0x18,0x80,0xC1,0x98,0x0C,0x1B,0x00,0x61,0x90,0x06,0x00,0x00,0x00,0x00,0x00}},
/*	仉	*/{0x4EC9, 20, 20, {0x06,0x7F,0x00,0x44,0x30,0x0C,0x43,0x00,0x84,0x30,0x18,0x43,0x03,0x84,0x30,0x38,0x43,0x0F,0x84,0x30,0x58,0x43,0x01,0x84,0x30,0x18,0xC3,0x01,0x8C,0x30,0x18,0xC3,0x21,0x88,0x32,0x18,0x83,0x21,0x98,0x32,0x1B,0x03,0x21,0xB0,0x1E,0x00,0x00,0x00,0x00,0x00}},
/*	今	*/{0x4ECA, 20, 20, {0x00,0x40,0x00,0x06,0x00,0x00,0xF0,0x00,0x1D,0x80,0x03,0x9C,0x00,0x70,0x60,0x0E,0x83,0x03,0x8E,0x1C,0x70,0x70,0xE4,0x01,0x82,0x00,0x10,0x01,0xFF,0xF8,0x00,0x03,0x00,0x00,0x30,0x00,0x06,0x00,0x00,0xC0,0x00,0x18,0x00,0x03,0x00,0x00,0x70,0x00,0x00,0x00}},
/*	介	*/{0x4ECB, 20, 20, {0x00,0x40,0x00,0x06,0x00,0x00,0x60,0x00,0x0F,0x00,0x01,0x98,0x00,0x70,0xE0,0x0E,0x03,0x03,0x80,0x1F,0x70,0x00,0x60,0x20,0x60,0x02,0x06,0x00,0x20,0x60,0x06,0x06,0x00,0x60,0x60,0x06,0x06,0x00,0x40,0x60,0x0C,0x06,0x01,0x80,0x60,0x70,0x06,0x00,0x00,0x00}},
/*	仌	*/{0x4ECC, 20, 20, {0x00,0x60,0x00,0x06,0x00,0x00,0x40,0x00,0x0F,0x00,0x00,0xD8,0x00,0x18,0xE0,0x03,0x03,0x01,0xE6,0x1C,0x38,0x60,0xC0,0x06,0x00,0x00,0x60,0x00,0x0F,0x00,0x00,0xD0,0x00,0x19,0x80,0x03,0x0C,0x00,0x60,0x60,0x1C,0x03,0x87,0x00,0x0E,0x00,0x00,0x00,0x00,0x00}},
/*	仍	*/{0x4ECD, 20, 20, {0x0C,0x00,0x00,0xBF,0xF0,0x08,0x43,0x01,0x84,0x30,0x10,0x42,0x03,0x04,0x20,0x70,0x42,0x0F,0x04,0x7C,0x50,0xC0,0x41,0x0C,0x04,0x10,0xC0,0x41,0x08,0x04,0x10,0x80,0x41,0x18,0x04,0x11,0x80,0xC1,0x30,0x0C,0x13,0x08,0x81,0x60,0x78,0x00,0x00,0x00,0x00,0x00}},
/*	从	*/{0x4ECE, 20, 19, {0x06,0x06,0x00,0x60,0x40,0x06,0x04,0x00,0x60,0x40,0x06,0x04,0x00,0x40,0xC0,0x04,0x0C,0x00,0x60,0xC0,0x0F,0x0C,0x00,0xD8,0xE0,0x0D,0x9E,0x00,0x8D,0xA0,0x08,0x53,0x01,0x83,0x10,0x18,0x31,0x83,0x06,0x0C,0x70,0xC0,0xE6,0x1C,0x06,0x00,0x00,0x00}},
/*	仏	*/{0x4ECF, 20, 20, {0x02,0x08,0x00,0x60,0x80,0x04,0x18,0x00,0xC1,0x80,0x18,0x18,0x01,0x81,0x00,0x38,0x30,0x06,0x83,0x00,0x48,0x23,0x00,0x82,0x30,0x08,0x61,0x80,0x86,0x18,0x08,0x40,0x80,0x8C,0x0C,0x08,0x81,0xC0,0x9F,0xFE,0x09,0xE0,0x60,0x80,0x04,0x00,0x00,0x00,0x00,0x00}},
/*	仐	*/{0x4ED0, 20, 20, {0x00,0x60,0x00,0x0F,0x00,0x01,0x98,0x00,0x30,0xC0,0x06,0x06,0x01,0xC0,0x38,0x38,0x60,0xC6,0x06,0x06,0x00,0x60,0x00,0x06,0x00,0x3F,0xFF,0xC0,0x06,0x00,0x00,0x60,0x00,0x06,0x00,0x00,0x60,0x00,0x06,0x00,0x00,0x60,0x00,0x06,0x00,0x00,0x00,0x00,0x00,0x00}},
/*	仑	*/{0x4ED1, 20, 19, {0x00,0x60,0x00,0x07,0x00,0x00,0xD8,0x00,0x19,0xC0,0x07,0x06,0x00,0xC0,0x38,0x38,0x01,0xC7,0x40,0x06,0x04,0x06,0x00,0x41,0xC0,0x04,0x70,0x00,0x7C,0x00,0x06,0x00,0x00,0x40,0x10,0x04,0x01,0x80,0x40,0x18,0x06,0x01,0x80,0x3F,0xF0,0x00,0x00,0x00}},
/*	仒	*/{0x4ED2, 20, 19, {0x00,0x60,0x00,0x06,0x00,0x00,0xF0,0x00,0x19,0x80,0x03,0x0C,0x00,0x60,0x60,0x1C,0x03,0x83,0x08,0x0E,0x61,0xC0,0x60,0x07,0x00,0x00,0x1C,0x00,0x00,0x80,0x00,0x00,0x00,0x70,0x00,0x03,0xE0,0x00,0x07,0x80,0x00,0x1E,0x00,0x00,0x40,0x00,0x00,0x00}},
/*	仓	*/{0x4ED3, 20, 19, {0x00,0x60,0x00,0x06,0x00,0x00,0xD0,0x00,0x19,0x80,0x03,0x0E,0x00,0xC0,0x30,0x18,0x01,0xC7,0x7F,0xE6,0x44,0x02,0x20,0x40,0x20,0x04,0x02,0x00,0x40,0x60,0x04,0x3E,0x00,0x40,0x08,0x04,0x00,0x80,0x40,0x18,0x07,0xFF,0x80,0x7F,0xF0,0x00,0x00,0x00}},
/*	仔	*/{0x4ED4, 20, 20, {0x06,0x00,0x00,0x5F,0xFE,0x0C,0x00,0xC0,0x80,0x18,0x18,0x06,0x03,0x80,0xC0,0x38,0x0C,0x07,0x80,0xC0,0x5B,0xFF,0xE1,0x80,0xC0,0x18,0x0C,0x01,0x80,0xC0,0x18,0x0C,0x01,0x80,0xC0,0x18,0x0C,0x01,0x80,0xC0,0x18,0xF8,0x01,0x87,0x80,0x00,0x00,0x00,0x00,0x00}},
/*	仕	*/{0x4ED5, 20, 20, {0x02,0x0C,0x00,0x60,0xC0,0x04,0x0C,0x00,0xC0,0xC0,0x18,0x0C,0x01,0x80,0xC0,0x3B,0xFF,0xEE,0x80,0xC0,0x48,0x0C,0x00,0x80,0xC0,0x08,0x0C,0x00,0x80,0xC0,0x08,0x0C,0x00,0x80,0xC0,0x08,0x0C,0x00,0x80,0xC0,0x08,0x0C,0x00,0x9F,0xFE,0x00,0x00,0x00,0x00,0x00}},
/*	他	*/{0x4ED6, 20, 20, {0x06,0x0C,0x00,0x40,0xC0,0x0C,0x8C,0x00,0x88,0xC4,0x18,0x8F,0xC3,0x88,0xF4,0x38,0xFC,0x4F,0x9E,0xC4,0x5F,0x8C,0x41,0x88,0xC4,0x18,0x8C,0x41,0x88,0xC4,0x18,0x8D,0xC1,0x88,0xC0,0x18,0x80,0x21,0x88,0x02,0x18,0xC0,0x61,0x87,0xFC,0x00,0x00,0x00,0x00,0x00}},
/*	仗	*/{0x4ED7, 20, 20, {0x02,0x06,0x00,0x60,0x60,0x04,0x06,0x00,0xC0,0x60,0x19,0xFF,0xE1,0x80,0x60,0x38,0x06,0x06,0x88,0x60,0xC8,0xC6,0x04,0x84,0x40,0x08,0x44,0x00,0x86,0xC0,0x08,0x38,0x00,0x81,0x80,0x08,0x3C,0x00,0x86,0xE0,0x09,0xC3,0x80,0xB8,0x0E,0x00,0x00,0x00,0x00,0x00}},
/*	付	*/{0x4ED8, 20, 20, {0x02,0x01,0x80,0x60,0x18,0x04,0x01,0x80,0xC0,0x18,0x09,0xFF,0xE1,0x80,0x18,0x38,0x01,0x86,0x80,0x18,0x68,0xC1,0x84,0x86,0x18,0x08,0x61,0x80,0x83,0x18,0x08,0x11,0x80,0x81,0x18,0x08,0x01,0x80,0x80,0x18,0x08,0x1F,0x80,0x81,0xF0,0x00,0x00,0x00,0x00,0x00}},
/*	仙	*/{0x4ED9, 20, 20, {0x06,0x08,0x00,0x40,0x80,0x0C,0x08,0x00,0x80,0x80,0x19,0x88,0x43,0x98,0x84,0x39,0x88,0x47,0x98,0x84,0x59,0x88,0x41,0x98,0x84,0x19,0x88,0x41,0x98,0x84,0x19,0x88,0x41,0x98,0x84,0x19,0x88,0x41,0x98,0x84,0x19,0xFF,0xC1,0x80,0x04,0x00,0x00,0x00,0x00,0x00}},
/*	仚	*/{0x4EDA, 20, 20, {0x00,0x60,0x00,0x06,0x00,0x00,0xF0,0x00,0x19,0x80,0x03,0x0C,0x00,0x60,0x60,0x1C,0x63,0x83,0x86,0x1C,0xE0,0x60,0x75,0x06,0x0A,0x10,0x60,0x81,0x06,0x08,0x10,0x60,0x81,0x06,0x08,0x10,0x60,0x81,0x06,0x08,0x10,0x60,0x81,0xFF,0xF8,0x00,0x00,0x00,0x00,0x00}},
/*	仛	*/{0x4EDB, 20, 20, {0x06,0x01,0x80,0x40,0x7C,0x0C,0x3E,0x00,0xBF,0x00,0x19,0x10,0x03,0x81,0x00,0x38,0x10,0x0F,0x81,0x00,0x58,0x13,0xE1,0x87,0xF0,0x1B,0xF0,0x01,0x81,0x00,0x18,0x10,0x01,0x81,0x00,0x18,0x10,0x61,0x81,0x06,0x18,0x18,0x61,0x81,0xFC,0x00,0x00,0x00,0x00,0x00}},
/*	仜	*/{0x4EDC, 20, 20, {0x06,0x00,0x00,0x4F,0xFC,0x0C,0xFF,0xC0,0xC0,0xC0,0x18,0x0C,0x01,0x80,0xC0,0x38,0x0C,0x06,0x80,0xC0,0x68,0x0C,0x04,0x80,0xC0,0x08,0x0C,0x00,0x80,0xC0,0x08,0x0C,0x00,0x80,0xC0,0x08,0x0C,0x00,0x80,0xC0,0x09,0xFF,0xE0,0x9F,0xFE,0x00,0x00,0x00,0x00,0x00}},
/*	仝	*/{0x4EDD, 20, 19, {0x00,0x30,0x00,0x06,0x00,0x00,0xF0,0x00,0x19,0x80,0x03,0x0C,0x00,0x60,0x70,0x1C,0x03,0x83,0x80,0x0E,0x60,0x00,0x60,0xFF,0xF0,0x00,0x60,0x00,0x06,0x00,0x00,0x60,0x00,0x06,0x00,0x00,0x60,0x00,0x06,0x00,0x3F,0xFF,0xC3,0xFF,0xFC,0x00,0x00,0x00}},
/*	仞	*/{0x4EDE, 20, 20, {0x06,0x00,0x00,0x40,0x00,0x0D,0xFF,0xE0,0x80,0x86,0x18,0x08,0x63,0x88,0x86,0x38,0xC8,0x6F,0x89,0x86,0x59,0x98,0x61,0x91,0x86,0x1B,0x10,0x61,0x91,0x06,0x18,0x30,0x41,0x82,0x04,0x18,0x60,0x41,0x8C,0x0C,0x19,0x84,0xC1,0xB0,0x78,0x00,0x00,0x00,0x00,0x00}},
/*	仟	*/{0x4EDF, 20, 20, {0x06,0x00,0x80,0x40,0x7C,0x0D,0xFE,0x00,0x9C,0xC0,0x18,0x0C,0x03,0x80,0xC0,0x38,0x0C,0x0F,0x80,0xC0,0x5B,0xFF,0xE1,0x80,0xC0,0x18,0x0C,0x01,0x80,0xC0,0x18,0x0C,0x01,0x80,0xC0,0x18,0x0C,0x01,0x80,0xC0,0x18,0x0C,0x01,0x80,0xC0,0x00,0x00,0x00,0x00,0x00}},
/*	仠	*/{0x4EE0, 20, 20, {0x02,0x00,0x00,0x6F,0xFC,0x04,0xFF,0xC0,0xC0,0xC0,0x18,0x0C,0x01,0x80,0xC0,0x38,0x0C,0x06,0x80,0xC0,0xC9,0xFF,0xE4,0x80,0xC0,0x08,0x0C,0x00,0x80,0xC0,0x08,0x0C,0x00,0x80,0xC0,0x08,0x0C,0x00,0x80,0xC0,0x08,0x0C,0x00,0x80,0xC0,0x00,0x00,0x00,0x00,0x00}},
/*	仡	*/{0x4EE1, 20, 20, {0x06,0x20,0x00,0x46,0x00,0x0C,0x40,0x00,0x87,0xFE,0x18,0xC0,0x03,0x88,0x00,0x39,0x80,0x0F,0xB0,0x00,0x58,0x7F,0x81,0x80,0x30,0x18,0x06,0x01,0x81,0x80,0x18,0x30,0x01,0x86,0x00,0x18,0xC0,0x21,0x88,0x02,0x19,0xC0,0x61,0x8F,0xFC,0x00,0x00,0x00,0x00,0x00}},
/*	仢	*/{0x4EE2, 20, 20, {0x06,0x20,0x00,0x46,0x00,0x0C,0x40,0x00,0x8F,0xFE,0x18,0xC0,0x63,0x98,0x06,0x39,0x80,0x6F,0xB6,0x06,0x5A,0x30,0x61,0x81,0x04,0x18,0x18,0x41,0x80,0xC4,0x18,0x08,0x41,0x80,0x04,0x18,0x00,0xC1,0x80,0x0C,0x18,0x09,0xC1,0x80,0xF8,0x00,0x00,0x00,0x00,0x00}},
/*	代	*/{0x4EE3, 20, 20, {0x03,0x13,0x00,0x61,0x98,0x06,0x18,0xC0,0xC1,0x86,0x0C,0x18,0x01,0xC1,0x9E,0x3F,0xFF,0xC6,0xDE,0x80,0xCC,0x08,0x04,0xC0,0x80,0x0C,0x0C,0x00,0xC0,0xC0,0x0C,0x0C,0x00,0xC0,0x43,0x0C,0x06,0x20,0xC0,0x32,0x0C,0x03,0xE0,0xC0,0x1C,0x00,0x00,0x00,0x00,0x00}},
/*	令	*/{0x4EE4, 20, 20, {0x00,0x70,0x00,0x07,0x00,0x01,0xD8,0x00,0x38,0xC0,0x06,0x47,0x01,0xCC,0x38,0x78,0x60,0xE6,0x03,0x06,0x00,0x00,0x01,0xFF,0xF8,0x00,0x03,0x00,0x00,0x60,0x01,0x0C,0x00,0x39,0x80,0x00,0xF0,0x00,0x07,0x00,0x00,0x38,0x00,0x00,0xC0,0x00,0x08,0x00,0x00,0x00}},
/*	以	*/{0x4EE5, 20, 19, {0x00,0x01,0x81,0x88,0x18,0x19,0xC1,0x81,0x8C,0x18,0x18,0x61,0x01,0x82,0x10,0x18,0x31,0x01,0x80,0x30,0x18,0x03,0x01,0x80,0x30,0x18,0x02,0x01,0x84,0x60,0x19,0xC6,0x01,0xF0,0xF0,0x1C,0x19,0x83,0x03,0x0C,0x00,0xE0,0x60,0x1C,0x06,0x00,0x80,0x00}},
/*	仦	*/{0x4EE6, 20, 20, {0x06,0x08,0x00,0x40,0x80,0x0C,0x08,0x00,0xC0,0x80,0x18,0x08,0x01,0x88,0x98,0x38,0x88,0xC7,0x98,0x8C,0x79,0x88,0x45,0x90,0x86,0x1B,0x08,0x61,0xB0,0x82,0x1E,0x08,0x21,0xA0,0x84,0x18,0x08,0x01,0x80,0x80,0x18,0x08,0x01,0x87,0x80,0x00,0x00,0x00,0x00,0x00}},
/*	仧	*/{0x4EE7, 20, 20, {0x00,0x40,0x00,0x04,0x00,0x00,0x7F,0x80,0x04,0x00,0x00,0x40,0x00,0x04,0x00,0x00,0x40,0x07,0xFF,0xFE,0x00,0x00,0x00,0x06,0x00,0x00,0x40,0x00,0x06,0x00,0x00,0xF0,0x00,0x19,0x80,0x01,0x8C,0x00,0x70,0x70,0x1C,0x03,0xC7,0x80,0x0E,0x00,0x00,0x00,0x00,0x00}},
/*	仨	*/{0x4EE8, 20, 20, {0x02,0x00,0x00,0x60,0x00,0x05,0xFF,0xE0,0xC0,0x00,0x18,0x00,0x01,0x80,0x00,0x38,0x00,0x06,0x80,0x00,0xC8,0x00,0x04,0x8F,0xFC,0x08,0x00,0x00,0x80,0x00,0x08,0x00,0x00,0x80,0x00,0x08,0x00,0x00,0x80,0x00,0x09,0xFF,0xE0,0x9F,0xFE,0x00,0x00,0x00,0x00,0x00}},
/*	仩	*/{0x4EE9, 20, 20, {0x06,0x08,0x00,0x60,0x80,0x04,0x08,0x00,0xC0,0x80,0x18,0x08,0x01,0x80,0x80,0x38,0x08,0x06,0x80,0xFC,0x68,0x08,0x00,0x80,0x80,0x08,0x08,0x00,0x80,0x80,0x08,0x08,0x00,0x80,0x80,0x08,0x08,0x00,0x80,0x80,0x08,0x08,0x00,0x9F,0xFE,0x00,0x00,0x00,0x00,0x00}},
/*	仪	*/{0x4EEA, 20, 20, {0x06,0x10,0x00,0x59,0x84,0x0C,0x8C,0xC0,0x88,0xCC,0x18,0x84,0xC3,0x8C,0x08,0x38,0xC1,0x8F,0x84,0x18,0x58,0x61,0x01,0x82,0x30,0x18,0x32,0x01,0x81,0x60,0x18,0x1C,0x01,0x81,0xC0,0x18,0x36,0x01,0x86,0x30,0x19,0xC1,0xC1,0xF0,0x0E,0x00,0x00,0x00,0x00,0x00}},
/*	仫	*/{0x4EEB, 20, 20, {0x02,0x10,0x00,0x63,0x00,0x04,0x30,0x00,0xC2,0x00,0x08,0x62,0x01,0x8C,0x60,0x38,0xC6,0x06,0x98,0xC0,0x69,0x0C,0x04,0x81,0x80,0x08,0x1B,0x00,0x83,0x18,0x08,0x31,0x80,0x86,0x0C,0x08,0x40,0xC0,0x8D,0xFC,0x09,0xFE,0x60,0x90,0x06,0x00,0x00,0x00,0x00,0x00}},
/*	们	*/{0x4EEC, 20, 20, {0x0C,0x9F,0xC0,0x84,0x04,0x08,0x60,0x41,0x92,0x04,0x11,0x00,0x43,0x10,0x04,0x31,0x00,0x47,0x10,0x04,0x51,0x00,0x45,0x10,0x04,0x11,0x00,0x41,0x10,0x04,0x11,0x00,0x41,0x10,0x04,0x11,0x00,0x41,0x10,0x04,0x11,0x00,0x41,0x10,0x3C,0x00,0x00,0x00,0x00,0x00}},
/*	仭	*/{0x4EED, 20, 20, {0x06,0x00,0x00,0x40,0x00,0x0D,0xFF,0xC0,0x81,0x84,0x18,0x18,0x43,0x91,0x84,0x39,0x98,0x4F,0x89,0x04,0x58,0xD0,0x41,0x87,0x0C,0x18,0x30,0xC1,0x83,0x8C,0x18,0x2C,0xC1,0x86,0x7C,0x18,0xC1,0xF1,0x8C,0x0E,0x19,0x81,0x81,0xF0,0xF0,0x00,0x00,0x00,0x00,0x00}},
/*	仮	*/{0x4EEE, 20, 20, {0x06,0x00,0x40,0x43,0xFE,0x0C,0xF8,0x00,0x88,0x00,0x18,0x80,0x03,0x88,0x00,0x38,0xFF,0xCF,0x8A,0x0C,0x58,0xA0,0xC1,0x8B,0x08,0x19,0x91,0x81,0x99,0x98,0x19,0x8F,0x01,0x90,0xE0,0x19,0x0E,0x01,0xB1,0xF0,0x1A,0x71,0xC1,0xEE,0x06,0x00,0x00,0x00,0x00,0x00}},
/*	仯	*/{0x4EEF, 20, 20, {0x06,0x08,0x00,0x40,0x80,0x0C,0x08,0x00,0x8C,0x98,0x18,0x88,0x83,0x88,0x8C,0x39,0x88,0xC7,0x98,0x84,0x59,0x08,0x61,0x90,0x80,0x18,0x09,0x81,0x80,0x98,0x18,0x03,0x01,0x80,0x60,0x18,0x0C,0x01,0x83,0x80,0x18,0xF0,0x01,0xB8,0x00,0x00,0x00,0x00,0x00,0x00}},
/*	仰	*/{0x4EF0, 20, 20, {0x0C,0x30,0x00,0xCF,0x00,0x09,0x8F,0xC1,0x90,0xC4,0x19,0x0C,0x43,0x90,0xC4,0x39,0x0C,0x47,0x90,0xC4,0x59,0x0C,0x45,0x90,0xC4,0x19,0x0C,0x41,0x90,0xC4,0x19,0x2C,0x41,0x9F,0xC4,0x1B,0x0D,0xC1,0x80,0xC0,0x18,0x0C,0x01,0x80,0xC0,0x00,0x00,0x00,0x00,0x00}},
/*	仱	*/{0x4EF1, 20, 20, {0x06,0x18,0x00,0x41,0xC0,0x0C,0x34,0x00,0x86,0x60,0x18,0xC3,0x03,0x99,0x1C,0x3F,0x18,0xF7,0xA0,0xC2,0x58,0x04,0x01,0x80,0x00,0x19,0xFF,0xC1,0x80,0x08,0x18,0x01,0x81,0x80,0x10,0x18,0x03,0x01,0x80,0x20,0x18,0x06,0x01,0x80,0xC0,0x00,0x04,0x00,0x00,0x00}},
/*	仲	*/{0x4EF2, 20, 20, {0x06,0x08,0x00,0x40,0x80,0x0C,0x08,0x00,0x80,0x80,0x19,0xFF,0xE3,0x90,0x86,0x39,0x08,0x67,0x90,0x86,0x59,0x08,0x61,0x90,0x86,0x19,0x08,0x61,0x9F,0xFE,0x19,0x08,0x61,0x80,0x80,0x18,0x08,0x01,0x80,0x80,0x18,0x08,0x01,0x80,0x80,0x00,0x00,0x00,0x00,0x00}},
/*	仳	*/{0x4EF3, 20, 20, {0x07,0x84,0x00,0x58,0x40,0x0D,0x84,0x00,0x98,0x40,0x19,0x84,0x41,0x98,0x46,0x39,0xF5,0xC7,0x98,0x70,0x59,0x86,0x01,0x98,0x40,0x19,0x84,0x01,0x98,0x40,0x19,0x84,0x01,0x98,0x40,0x19,0x94,0x21,0x9F,0x42,0x19,0xC4,0x21,0x90,0x7E,0x00,0x00,0x00,0x00,0x00}},
/*	仴	*/{0x4EF4, 20, 20, {0x06,0x7F,0xC0,0x47,0xFC,0x0C,0x40,0xC0,0x84,0x0C,0x18,0x40,0xC1,0x87,0xFC,0x38,0x40,0xC7,0x84,0x0C,0x78,0x40,0xC5,0x87,0xFC,0x18,0x7F,0xC1,0x84,0x0C,0x18,0xC0,0xC1,0x8C,0x0C,0x18,0xC0,0xC1,0x88,0x0C,0x19,0x87,0xC1,0x90,0x78,0x01,0x00,0x00,0x00,0x00}},
/*	仵	*/{0x4EF5, 20, 20, {0x06,0x60,0x00,0x44,0x00,0x0C,0xC0,0x00,0x8F,0xFE,0x19,0x8C,0x01,0x98,0xC0,0x3B,0x0C,0x07,0x90,0xC0,0x58,0x0C,0x01,0xBF,0xFE,0x18,0x0C,0x01,0x80,0xC0,0x18,0x0C,0x01,0x80,0xC0,0x18,0x0C,0x01,0x80,0xC0,0x18,0x0C,0x01,0x80,0xC0,0x00,0x00,0x00,0x00,0x00}},
/*	件	*/{0x4EF6, 20, 20, {0x06,0x0C,0x00,0x4C,0xC0,0x0C,0xCC,0x00,0x8C,0xC0,0x18,0xFF,0xC3,0x98,0xC0,0x39,0x0C,0x07,0xB0,0xC0,0x59,0x0C,0x01,0x80,0xC0,0x1B,0xFF,0xE1,0x80,0xC0,0x18,0x0C,0x01,0x80,0xC0,0x18,0x0C,0x01,0x80,0xC0,0x18,0x0C,0x01,0x80,0xC0,0x00,0x00,0x00,0x00,0x00}},
/*	价	*/{0x4EF7, 20, 20, {0x06,0x0C,0x00,0x41,0xC0,0x0C,0x34,0x00,0x82,0x60,0x18,0x63,0x01,0x8C,0x18,0x3B,0x80,0xE7,0xF0,0x06,0x58,0x43,0x01,0x84,0x30,0x18,0x43,0x01,0x84,0x30,0x18,0x43,0x01,0x8C,0x30,0x18,0xC3,0x01,0x88,0x30,0x19,0x83,0x01,0xB0,0x30,0x02,0x00,0x00,0x00,0x00}},
/*	仸	*/{0x4EF8, 20, 20, {0x06,0x01,0xC0,0x47,0xF8,0x0D,0xF8,0x00,0xC0,0x80,0x18,0x08,0x01,0x80,0x80,0x38,0x08,0x06,0x80,0x80,0x6B,0xFF,0xE4,0x80,0xC0,0x08,0x1C,0x00,0x81,0xC0,0x08,0x16,0x00,0x83,0x20,0x08,0x63,0x00,0x8C,0x18,0x09,0x80,0xC0,0xB0,0x06,0x00,0x00,0x00,0x00,0x00}},
/*	仹	*/{0x4EF9, 20, 20, {0x06,0x08,0x00,0x60,0x80,0x04,0x08,0x00,0xDF,0xFE,0x18,0x08,0x01,0x80,0x80,0x38,0x08,0x06,0x80,0x80,0xE9,0xFF,0xC4,0x80,0x80,0x08,0x08,0x00,0x80,0x80,0x0B,0xFF,0xE0,0x80,0x80,0x08,0x08,0x00,0x80,0x80,0x08,0x08,0x00,0x80,0x80,0x00,0x00,0x00,0x00,0x00}},
/*	仺	*/{0x4EFA, 20, 19, {0x00,0x60,0x00,0x0F,0x00,0x01,0x98,0x00,0x30,0xC0,0x06,0x06,0x01,0xC0,0x38,0x78,0x00,0xE6,0xFF,0xF2,0x08,0x00,0x00,0x80,0x00,0x08,0x00,0x00,0x80,0x00,0x0F,0xFF,0x00,0x80,0x00,0x08,0x00,0x00,0x80,0x00,0x08,0x00,0x00,0xFF,0xF8,0x00,0x00,0x00}},
/*	任	*/{0x4EFB, 20, 20, {0x02,0x00,0xC0,0x60,0xFC,0x05,0xFE,0x00,0xD8,0xC0,0x18,0x0C,0x01,0x80,0xC0,0x38,0x0C,0x0E,0x80,0xC0,0x48,0x0C,0x00,0xBF,0xFE,0x08,0x0C,0x00,0x80,0xC0,0x08,0x0C,0x00,0x80,0xC0,0x08,0x0C,0x00,0x80,0xC0,0x08,0x0C,0x00,0x9F,0xFE,0x00,0x00,0x00,0x00,0x00}},
/*	仼	*/{0x4EFC, 20, 20, {0x02,0x00,0x00,0x7F,0xFE,0x04,0x0C,0x00,0xC0,0xC0,0x18,0x0C,0x01,0x80,0xC0,0x38,0x0C,0x06,0x80,0xC0,0xC8,0x0C,0x04,0x8F,0xFC,0x08,0x0C,0x00,0x80,0xC0,0x08,0x0C,0x00,0x80,0xC0,0x08,0x0C,0x00,0x80,0xC0,0x08,0x0C,0x00,0xBF,0xFE,0x00,0x00,0x00,0x00,0x00}},
/*	份	*/{0x4EFD, 20, 20, {0x06,0x32,0x00,0x42,0x20,0x0C,0x63,0x00,0x84,0x10,0x18,0xC1,0x83,0x88,0x08,0x39,0x80,0xC7,0xB0,0x06,0x5A,0xFF,0xA1,0x83,0x18,0x18,0x31,0x81,0x83,0x18,0x18,0x21,0x81,0x86,0x18,0x18,0x61,0x81,0x8C,0x10,0x19,0x83,0x01,0xB0,0xF0,0x00,0x00,0x00,0x00,0x00}},
/*	仾	*/{0x4EFE, 20, 20, {0x06,0x00,0x00,0x5F,0xFE,0x0C,0x20,0x00,0x86,0x00,0x18,0x60,0x03,0x87,0xF8,0x38,0x40,0x8F,0x84,0x08,0x58,0x41,0x81,0x8C,0x18,0x18,0xC1,0x81,0x8F,0xF8,0x18,0x81,0x81,0x80,0x10,0x18,0x01,0x01,0x80,0x10,0x1B,0xFF,0xE1,0xBF,0xFE,0x00,0x00,0x00,0x00,0x00}},
/*	仿	*/{0x4EFF, 20, 20, {0x06,0x0C,0x00,0x40,0xC0,0x0C,0x04,0x00,0xBF,0xFE,0x18,0x20,0x03,0x82,0x00,0x38,0x20,0x07,0x82,0x00,0x58,0x3F,0xC1,0x82,0x0C,0x18,0x60,0xC1,0x86,0x0C,0x18,0x60,0xC1,0x84,0x08,0x18,0xC0,0x81,0x88,0x08,0x19,0x81,0x81,0xB0,0xF0,0x00,0x00,0x00,0x00,0x00}},
/*	伀	*/{0x4F00, 20, 20, {0x06,0x22,0x00,0x46,0x20,0x0C,0x63,0x00,0x84,0x10,0x18,0xC1,0x03,0x88,0x18,0x39,0x80,0xC7,0xB1,0x0E,0x59,0x30,0x41,0x83,0x00,0x18,0x20,0x01,0x86,0x30,0x18,0x61,0x01,0x84,0x18,0x18,0xC0,0x81,0x88,0x7C,0x19,0xFE,0xC1,0x90,0x04,0x00,0x00,0x00,0x00,0x00}},
/*	企	*/{0x4F01, 20, 19, {0x00,0x20,0x00,0x06,0x00,0x00,0xF0,0x00,0x19,0x80,0x03,0x8C,0x00,0x60,0x60,0x0C,0x63,0x83,0x86,0x1C,0x60,0x60,0x60,0x06,0x00,0x0C,0x60,0x00,0xC7,0xF8,0x0C,0x60,0x00,0xC6,0x00,0x0C,0x60,0x00,0xC6,0x00,0x0C,0x60,0x00,0xC6,0x00,0x3F,0xFF,0xE0}},
/*	伂	*/{0x4F02, 20, 20, {0x06,0x08,0x00,0x40,0x80,0x0C,0x08,0x00,0xBF,0xFE,0x18,0x08,0x03,0x80,0x80,0x78,0x08,0x0F,0x9F,0xFC,0x59,0x88,0x41,0x98,0x84,0x19,0x88,0x41,0x98,0x84,0x19,0x88,0x41,0x98,0x84,0x19,0x8B,0xC1,0x98,0x90,0x18,0x08,0x01,0x80,0x80,0x00,0x00,0x00,0x00,0x00}},
/*	伃	*/{0x4F03, 20, 20, {0x07,0xFF,0xC0,0x40,0x18,0x0C,0x43,0x00,0x87,0x60,0x18,0x1C,0x03,0x80,0xF0,0x38,0x02,0x2F,0xBF,0xFE,0x58,0x08,0x61,0x80,0x8C,0x18,0x08,0x81,0x80,0x98,0x18,0x08,0x01,0x80,0x80,0x18,0x08,0x01,0x80,0x80,0x18,0x08,0x01,0x87,0x80,0x00,0x00,0x00,0x00,0x00}},
/*	伄	*/{0x4F04, 20, 20, {0x0D,0xFF,0xC0,0xC1,0x8C,0x08,0x18,0xC1,0x81,0x8C,0x10,0x18,0xC3,0x1F,0xFC,0x33,0x18,0x07,0x31,0x80,0xD3,0x18,0x05,0x21,0x80,0x13,0xFF,0xE1,0x41,0x86,0x10,0x18,0x61,0x01,0x84,0x10,0x18,0x41,0x01,0x8C,0x10,0x1B,0x81,0x01,0x80,0x00,0x00,0x00,0x00,0x00}},
/*	伅	*/{0x4F05, 20, 20, {0x06,0x08,0x00,0x40,0x80,0x0C,0x08,0x00,0xBF,0xFE,0x18,0x08,0x03,0x80,0x80,0x39,0x88,0xC7,0x98,0x8C,0x59,0x88,0xC1,0x98,0x8C,0x19,0x88,0xC1,0x98,0x8C,0x19,0xFF,0xC1,0x80,0x8C,0x18,0x08,0x01,0x80,0x82,0x18,0x08,0x61,0x80,0xFE,0x00,0x00,0x00,0x00,0x00}},
/*	伆	*/{0x4F06, 20, 20, {0x04,0x60,0x00,0xC6,0x00,0x0C,0x40,0x01,0x8F,0xFE,0x18,0x99,0x63,0x99,0x16,0x3B,0x11,0x67,0xE3,0x36,0x58,0x22,0x61,0x86,0x26,0x18,0x46,0x61,0x8C,0x46,0x19,0x8C,0x41,0xB0,0x84,0x18,0x18,0x41,0x83,0x0C,0x18,0x64,0xC1,0x8C,0x78,0x00,0x00,0x00,0x00,0x00}},
/*	伇	*/{0x4F07, 20, 20, {0x06,0x7F,0x00,0x44,0x30,0x0C,0x43,0x00,0x84,0x30,0x18,0x43,0x03,0x8C,0x30,0x39,0x83,0xE7,0xB0,0x00,0x58,0x00,0x01,0x9F,0xFC,0x18,0x81,0x81,0x8C,0x18,0x18,0x63,0x01,0x83,0x60,0x18,0x1C,0x01,0x83,0xE0,0x19,0xE7,0x81,0xF8,0x1E,0x00,0x00,0x00,0x00,0x00}},
/*	伈	*/{0x4F08, 20, 20, {0x06,0x70,0x00,0x43,0x80,0x0C,0x0E,0x00,0x80,0x70,0x18,0x20,0x03,0x82,0x00,0x78,0x21,0x8F,0x92,0x08,0x59,0x20,0xC1,0x92,0x04,0x1B,0x20,0x61,0xA2,0x06,0x1A,0x20,0x21,0xE2,0x08,0x18,0x20,0x81,0x82,0x08,0x18,0x21,0x81,0x83,0xF0,0x00,0x00,0x00,0x00,0x00}},
/*	伉	*/{0x4F09, 20, 20, {0x00,0x08,0x00,0x61,0x80,0x04,0x18,0x00,0xC0,0xC0,0x08,0x00,0x01,0xBF,0xFE,0x38,0x00,0x03,0x80,0x00,0xF8,0x7F,0x05,0x84,0x30,0x18,0x43,0x01,0x84,0x30,0x18,0x43,0x01,0x84,0x30,0x18,0xC3,0x21,0x8C,0x32,0x19,0x83,0x21,0x90,0x32,0x1F,0x01,0xE0,0x20,0x00}},
/*	伊	*/{0x4F0A, 20, 20, {0x06,0x00,0x00,0x5F,0xFC,0x0C,0x10,0xC0,0x81,0x0C,0x18,0x10,0xC3,0x81,0x0C,0x3B,0xFF,0xEF,0x81,0x0C,0x58,0x10,0xC1,0x81,0x0C,0x18,0x10,0xC1,0x9F,0xFC,0x18,0x30,0xC1,0x82,0x00,0x18,0x60,0x01,0x8C,0x00,0x19,0xC0,0x01,0xB0,0x00,0x00,0x00,0x00,0x00,0x00}},
/*	伋	*/{0x4F0B, 20, 20, {0x0C,0x00,0x00,0xDF,0xF0,0x08,0x63,0x01,0x86,0x20,0x10,0x62,0x03,0x06,0x60,0x30,0x44,0x07,0x06,0xFC,0xD0,0x60,0xC5,0x07,0x0C,0x10,0xD0,0x81,0x0D,0x98,0x10,0x89,0x01,0x08,0xF0,0x11,0x86,0x01,0x10,0xF0,0x13,0x39,0xC1,0x67,0x0E,0x00,0x00,0x00,0x00,0x00}},
/*	伌	*/{0x4F0C, 20, 20, {0x07,0xFF,0xE0,0x58,0x00,0x0D,0x80,0x00,0x98,0x00,0x19,0xBF,0xC3,0x9B,0xFC,0x79,0xB0,0xCF,0x9B,0x0C,0x59,0xB0,0xC1,0x9B,0x0C,0x19,0xB0,0xC1,0x9B,0x3C,0x19,0x30,0x01,0x93,0x00,0x19,0x30,0x21,0xB3,0x02,0x1A,0x30,0x61,0xE1,0xFC,0x00,0x00,0x00,0x00,0x00}},
/*	伍	*/{0x4F0D, 20, 20, {0x06,0x00,0x00,0x5F,0xFE,0x0C,0x18,0x00,0x81,0x00,0x18,0x10,0x03,0x81,0x00,0x38,0x10,0x0F,0x83,0x00,0x59,0xFF,0x81,0x83,0x08,0x18,0x20,0x81,0x82,0x08,0x18,0x21,0x81,0x86,0x18,0x18,0x61,0x81,0x86,0x18,0x1B,0xFF,0xE1,0xBF,0xFE,0x00,0x00,0x00,0x00,0x00}},
/*	伎	*/{0x4F0E, 20, 20, {0x06,0x08,0x00,0x40,0x80,0x0C,0x08,0x00,0xBF,0xFE,0x18,0x08,0x03,0x80,0x80,0x38,0x08,0x07,0x80,0x80,0x59,0xFF,0xC1,0x88,0x0C,0x18,0xC1,0x81,0x86,0x18,0x18,0x23,0x01,0x83,0x60,0x18,0x1C,0x01,0x83,0xE0,0x19,0xE3,0xC1,0xF8,0x0E,0x00,0x00,0x00,0x00,0x00}},
/*	伏	*/{0x4F0F, 20, 20, {0x06,0x09,0x00,0x40,0x98,0x0C,0x08,0x80,0x80,0x8C,0x18,0x08,0x03,0x80,0x80,0x3B,0xFF,0xE7,0x81,0x80,0x58,0x1C,0x01,0x81,0xC0,0x18,0x14,0x01,0x83,0x60,0x18,0x32,0x01,0x86,0x30,0x18,0x61,0x01,0x8C,0x18,0x19,0x80,0xC1,0xB0,0x06,0x00,0x00,0x00,0x00,0x00}},
/*	伐	*/{0x4F10, 20, 20, {0x02,0x16,0x00,0x61,0x30,0x04,0x10,0xC0,0xC1,0x00,0x18,0x11,0xE1,0x9F,0xFC,0x3B,0xD8,0x06,0x81,0x8C,0x48,0x18,0x80,0x81,0x98,0x08,0x0B,0x00,0x80,0xE0,0x08,0x0C,0x00,0x81,0xC2,0x08,0x36,0x20,0x8E,0x62,0x0B,0x83,0x60,0x90,0x1C,0x00,0x00,0x00,0x00,0x00}},
/*	休	*/{0x4F11, 20, 20, {0x02,0x08,0x00,0x60,0x80,0x04,0x08,0x00,0xC0,0x80,0x18,0x08,0x01,0xBF,0xFE,0x38,0x1C,0x0E,0x83,0xE0,0x48,0x2A,0x04,0x86,0xB0,0x08,0x69,0x00,0x8C,0x98,0x09,0x88,0xC0,0x98,0x86,0x0F,0x08,0x70,0xA0,0x82,0x08,0x08,0x00,0x80,0x80,0x00,0x00,0x00,0x00,0x00}},
/*	伒	*/{0x4F12, 20, 20, {0x06,0x03,0xC0,0x43,0xF0,0x0C,0xF0,0x00,0x8C,0x00,0x18,0xC0,0x03,0x8C,0x00,0x38,0xC0,0x07,0x8F,0xFE,0x58,0xC2,0x01,0x88,0x20,0x18,0x82,0x01,0x88,0x20,0x18,0x82,0x01,0x98,0x20,0x19,0x02,0x01,0xB0,0x20,0x1B,0x02,0x01,0xE0,0x20,0x00,0x00,0x00,0x00,0x00}},
/*	伓	*/{0x4F13, 20, 20, {0x06,0x00,0x00,0x40,0x00,0x0D,0xFF,0xE0,0x80,0x40,0x18,0x0C,0x01,0x81,0x80,0x38,0x3A,0x06,0x83,0xB0,0x48,0x69,0x84,0x9C,0x8C,0x0F,0x88,0x60,0xA0,0x82,0x08,0x08,0x00,0x80,0x80,0x08,0x08,0x00,0x80,0x80,0x08,0x08,0x00,0x80,0x80,0x00,0x00,0x00,0x00,0x00}},
/*	伔	*/{0x4F14, 20, 20, {0x06,0x00,0x00,0xDF,0xFE,0x0D,0x00,0x61,0x90,0x06,0x19,0x00,0x63,0x87,0xF0,0x38,0x63,0x07,0x86,0x30,0x58,0x63,0x01,0x86,0x30,0x18,0x63,0x01,0x86,0x30,0x18,0x63,0x01,0x84,0x32,0x18,0xC3,0x21,0x88,0x32,0x19,0x83,0x61,0xB0,0x3E,0x00,0x00,0x00,0x00,0x00}},
/*	伕	*/{0x4F15, 20, 20, {0x02,0x08,0x00,0x60,0x80,0x04,0x08,0x00,0xC0,0x80,0x19,0xFF,0xC1,0x80,0x80,0x38,0x08,0x06,0x80,0x80,0xC8,0x08,0x04,0xBF,0xFE,0x08,0x0C,0x00,0x81,0xC0,0x08,0x16,0x00,0x83,0x20,0x08,0x23,0x00,0x86,0x18,0x09,0xC0,0xC0,0xB0,0x06,0x00,0x00,0x00,0x00,0x00}},
/*	伖	*/{0x4F16, 20, 20, {0x06,0x20,0x00,0x42,0x00,0x0C,0x20,0x00,0x82,0x00,0x1B,0xFF,0xE3,0x86,0x00,0x38,0x60,0x0F,0x86,0x00,0x58,0x7F,0xC1,0x86,0x08,0x18,0x61,0x81,0x8F,0x18,0x18,0xDB,0x01,0x88,0xE0,0x19,0x8E,0x01,0x90,0xF0,0x1B,0x39,0xC1,0xE6,0x0E,0x00,0x00,0x00,0x00,0x00}},
/*	众	*/{0x4F17, 20, 20, {0x00,0x40,0x00,0x06,0x00,0x00,0x60,0x00,0x0F,0x00,0x01,0x98,0x00,0x30,0xC0,0x0E,0x07,0x03,0xC0,0x1C,0x76,0x04,0xE0,0x60,0x40,0x06,0x0C,0x00,0x60,0xC0,0x07,0x0C,0x00,0xD8,0xE0,0x0C,0xDA,0x01,0x85,0x30,0x18,0x31,0x83,0x06,0x0C,0x60,0xC0,0x60,0x00,0x00}},
/*	优	*/{0x4F18, 20, 20, {0x06,0x32,0x00,0x43,0x10,0x0C,0x31,0x80,0x83,0x0C,0x18,0x30,0x01,0xBF,0xFE,0x38,0x30,0x07,0x83,0x00,0x58,0x24,0x01,0x82,0x40,0x18,0x24,0x01,0x86,0x40,0x18,0x64,0x01,0x84,0x44,0x18,0xC4,0x21,0x98,0x42,0x1B,0x84,0x61,0xF0,0x7C,0x00,0x00,0x00,0x00,0x00}},
/*	伙	*/{0x4F19, 20, 20, {0x06,0x08,0x00,0x40,0x80,0x0C,0x08,0x00,0x88,0x84,0x18,0x88,0x63,0x88,0x86,0x38,0x88,0x47,0x98,0x8C,0x59,0x88,0x81,0x91,0xD8,0x18,0x1C,0x01,0x81,0xC0,0x18,0x16,0x01,0x83,0x60,0x18,0x63,0x01,0x86,0x18,0x19,0xC1,0xC1,0xB0,0x06,0x00,0x00,0x00,0x00,0x00}},
/*	会	*/{0x4F1A, 20, 20, {0x00,0x70,0x00,0x06,0x00,0x01,0xF8,0x00,0x38,0xC0,0x07,0x06,0x01,0xC0,0x38,0x7F,0xFE,0xE2,0x00,0x04,0x00,0x00,0x00,0x00,0x00,0x3F,0xFF,0xC0,0x18,0x00,0x01,0x8C,0x00,0x30,0x60,0x06,0x03,0x00,0xC0,0x78,0x1F,0xFF,0x81,0xC0,0x0C,0x00,0x00,0x00,0x00,0x00}},
/*	伛	*/{0x4F1B, 20, 20, {0x06,0x00,0x00,0x5F,0xFE,0x0D,0x80,0x00,0x98,0x00,0x19,0xA0,0xC1,0x9B,0x08,0x39,0x99,0x87,0x98,0xD0,0x59,0x87,0x01,0x98,0x60,0x19,0x87,0x01,0x98,0xD8,0x19,0x98,0x81,0x9B,0x0C,0x19,0xE0,0x41,0x9A,0x00,0x19,0x80,0x01,0x9F,0xFE,0x00,0x00,0x00,0x00,0x00}},
/*	伜	*/{0x4F1C, 20, 20, {0x06,0x10,0x00,0x41,0x00,0x0D,0xFF,0x00,0x83,0x10,0x18,0x21,0x03,0x86,0x12,0x38,0x61,0x2F,0x8C,0x12,0x5B,0x89,0xE1,0xA0,0x80,0x18,0x08,0x01,0x80,0x80,0x1B,0xFF,0xE1,0x80,0x80,0x18,0x08,0x01,0x80,0x80,0x18,0x08,0x01,0x80,0x80,0x00,0x00,0x00,0x00,0x00}},
/*	伝	*/{0x4F1D, 20, 20, {0x06,0x00,0x00,0x4F,0xFC,0x0C,0x00,0x00,0x80,0x00,0x18,0x00,0x03,0x80,0x00,0x38,0x00,0x07,0x80,0x00,0x5B,0xFF,0xE1,0x83,0x00,0x18,0x30,0x01,0x86,0x30,0x18,0x61,0x01,0x8C,0x18,0x18,0xC0,0xC1,0x9F,0xFC,0x19,0xF0,0x61,0x80,0x06,0x00,0x00,0x00,0x00,0x00}},
/*	伞	*/{0x4F1E, 20, 20, {0x00,0x20,0x00,0x06,0x00,0x00,0xF0,0x00,0x19,0x80,0x07,0x0E,0x00,0xE0,0x78,0x78,0x61,0xF6,0x06,0x06,0x0C,0x63,0x00,0x46,0x30,0x06,0x66,0x00,0x26,0x40,0x02,0x6C,0x00,0x06,0x00,0x7F,0xFF,0xE0,0x06,0x00,0x00,0x60,0x00,0x06,0x00,0x00,0x60,0x00,0x00,0x00}},
/*	伟	*/{0x4F1F, 20, 20, {0x06,0x08,0x00,0x40,0x80,0x0D,0xFF,0xC0,0x80,0x80,0x18,0x08,0x01,0x80,0x80,0x39,0xFF,0xC7,0x80,0x80,0x58,0x08,0x01,0x80,0x80,0x1B,0xFF,0xE1,0x80,0x86,0x18,0x08,0x61,0x80,0x86,0x18,0x08,0x41,0x80,0x9C,0x18,0x08,0x01,0x80,0x80,0x00,0x00,0x00,0x00,0x00}},
/*	传	*/{0x4F20, 20, 20, {0x06,0x18,0x00,0x41,0x80,0x0D,0xFF,0xC0,0x83,0x00,0x18,0x30,0x03,0x83,0x00,0x38,0x20,0x0F,0xBF,0xFE,0x58,0x60,0x01,0x84,0x00,0x18,0x7F,0xC1,0x88,0x18,0x18,0x03,0x01,0x82,0x60,0x18,0x74,0x01,0x81,0xC0,0x18,0x0E,0x01,0x80,0x30,0x00,0x00,0x00,0x00,0x00}},
/*	伡	*/{0x4F21, 20, 20, {0x06,0x30,0x00,0x43,0x00,0x0D,0xFF,0xE0,0x82,0x00,0x18,0x60,0x03,0x86,0xC0,0x38,0x4C,0x07,0x8C,0xC0,0x58,0x8C,0x01,0x9F,0xFC,0x19,0x0C,0x01,0x80,0xC0,0x18,0x0C,0x01,0xBF,0xFE,0x18,0x0C,0x01,0x80,0xC0,0x18,0x0C,0x01,0x80,0xC0,0x00,0x00,0x00,0x00,0x00}},
/*	伢	*/{0x4F22, 20, 20, {0x07,0xFF,0xE0,0x40,0x10,0x0C,0x41,0x00,0x84,0x10,0x18,0xC1,0x03,0x8C,0x10,0x38,0xC1,0x07,0x8F,0xFE,0x58,0x03,0x01,0x80,0x70,0x18,0x0D,0x01,0x81,0x90,0x18,0x31,0x01,0x8E,0x10,0x19,0xC1,0x01,0xB0,0x10,0x1A,0x1F,0x01,0x80,0xF0,0x00,0x00,0x00,0x00,0x00}},
/*	伣	*/{0x4F23, 20, 20, {0x06,0xFF,0x80,0x4C,0x08,0x0C,0xC0,0x80,0x8C,0xC8,0x18,0xCC,0x81,0x8C,0xC8,0x38,0xCC,0x87,0x8C,0xC8,0x58,0xC8,0x81,0x8C,0x88,0x18,0xC8,0x81,0x80,0xE0,0x18,0x1E,0x01,0x81,0x62,0x18,0x36,0x21,0x86,0x62,0x18,0xC6,0x61,0xB8,0x7C,0x00,0x00,0x00,0x00,0x00}},
/*	伤	*/{0x4F24, 20, 20, {0x06,0x60,0x00,0x46,0x00,0x0C,0x40,0x00,0x8F,0xFE,0x19,0x80,0x03,0x91,0x80,0x3B,0x18,0x0F,0x81,0x80,0x59,0xFF,0xC1,0x81,0x04,0x18,0x10,0x41,0x83,0x04,0x18,0x30,0x41,0x82,0x0C,0x18,0x60,0xC1,0x8C,0x0C,0x19,0x88,0xC1,0xB0,0x78,0x00,0x00,0x00,0x00,0x00}},
/*	伥	*/{0x4F25, 20, 20, {0x06,0x40,0x80,0x44,0x0C,0x0C,0x41,0x80,0x84,0x30,0x18,0x46,0x03,0x84,0xC0,0x38,0x58,0x07,0x84,0x00,0x5B,0xFF,0xE1,0x84,0x40,0x18,0x44,0x01,0x84,0x60,0x18,0x42,0x01,0x84,0x30,0x18,0x45,0x81,0x85,0xCC,0x18,0xF0,0x61,0x8C,0x02,0x00,0x00,0x00,0x00,0x00}},
/*	伦	*/{0x4F26, 20, 20, {0x00,0x0C,0x00,0x60,0x80,0x04,0x1C,0x00,0xC3,0x40,0x08,0x26,0x01,0x86,0x30,0x38,0xC1,0xC3,0xB8,0x0F,0x7E,0xC0,0x25,0x8C,0x10,0x18,0xC3,0x81,0x8C,0xE0,0x18,0xF8,0x01,0x8E,0x00,0x18,0xC0,0x01,0x8C,0x04,0x18,0xC0,0x41,0x8C,0x0C,0x18,0x7F,0x80,0x00,0x00}},
/*	伧	*/{0x4F27, 20, 20, {0x00,0x08,0x00,0x61,0x80,0x04,0x1C,0x00,0xC3,0x40,0x08,0x66,0x01,0x8C,0x30,0x39,0x81,0xC3,0xB0,0x0E,0x7A,0xFF,0x45,0x88,0x10,0x18,0x81,0x01,0x88,0x10,0x18,0x91,0x01,0x88,0xF0,0x18,0x80,0x41,0x88,0x04,0x18,0x80,0x41,0x8F,0xFC,0x18,0x7F,0x80,0x00,0x00}},
/*	伨	*/{0x4F28, 20, 20, {0x06,0x60,0x00,0x46,0x00,0x0C,0x40,0x00,0x8F,0xFE,0x18,0x80,0x43,0x98,0x04,0x3B,0x40,0x47,0x97,0x04,0x58,0x18,0x41,0x80,0xC4,0x18,0x01,0x41,0x80,0x74,0x18,0x1C,0x41,0x87,0x04,0x19,0xC0,0x41,0x90,0x0C,0x18,0x00,0xC1,0x80,0x78,0x00,0x00,0x00,0x00,0x00}},
/*	伩	*/{0x4F29, 20, 20, {0x00,0x10,0x00,0x61,0x80,0x04,0x08,0x00,0xC0,0xC0,0x08,0x04,0x01,0xBF,0xFE,0x38,0xC1,0x83,0x8C,0x18,0x78,0x41,0x05,0x86,0x30,0x18,0x63,0x01,0x83,0x20,0x18,0x36,0x01,0x81,0xC0,0x18,0x1C,0x01,0x83,0x60,0x18,0x63,0x01,0x9C,0x1C,0x1B,0x00,0xE0,0x00,0x00}},
/*	伪	*/{0x4F2A, 20, 20, {0x06,0x18,0x00,0x59,0x80,0x0C,0x98,0x00,0x8D,0x00,0x18,0x10,0x03,0xBF,0xFE,0x38,0x10,0x4F,0x81,0x04,0x58,0x30,0x41,0x83,0xC4,0x18,0x26,0x41,0x82,0x64,0x18,0x63,0x41,0x84,0x04,0x18,0xC0,0xC1,0x98,0x0C,0x1B,0x08,0xC1,0xE0,0x78,0x00,0x00,0x00,0x00,0x00}},
/*	伫	*/{0x4F2B, 20, 20, {0x02,0x18,0x00,0x60,0xC0,0x04,0x0C,0x00,0xC0,0x40,0x19,0xFF,0xE1,0x90,0x06,0x39,0x00,0x66,0x90,0x06,0xC8,0x00,0x04,0x80,0x00,0x08,0x00,0x00,0x80,0x00,0x08,0x00,0x00,0x80,0x00,0x08,0x00,0x00,0x9F,0xFE,0x09,0xFF,0xE0,0x80,0x00,0x00,0x00,0x00,0x00,0x00}},
/*	伬	*/{0x4F2C, 20, 20, {0x06,0x00,0x00,0x4F,0xFC,0x0C,0xC0,0x40,0x8C,0x04,0x18,0xC0,0x43,0x8C,0x04,0x38,0xC0,0x4F,0x8C,0x04,0x58,0xFF,0xC1,0x8C,0x40,0x18,0x86,0x01,0x88,0x20,0x18,0x83,0x01,0x98,0x30,0x19,0x81,0x81,0xB0,0x0C,0x1B,0x00,0xE1,0xE0,0x06,0x00,0x00,0x00,0x00,0x00}},
/*	伭	*/{0x4F2D, 20, 20, {0x06,0x18,0x00,0x40,0xC0,0x0C,0x0C,0x00,0x9F,0xFE,0x18,0x18,0x03,0x83,0x00,0x38,0x21,0x87,0x86,0x30,0x58,0xC3,0x01,0x9F,0xE0,0x18,0xCC,0x01,0x81,0x80,0x18,0x11,0x01,0x83,0x18,0x18,0x60,0xC1,0x8C,0xFC,0x19,0xFF,0x61,0x90,0x06,0x00,0x00,0x00,0x00,0x00}},
/*	伮	*/{0x4F2E, 20, 20, {0x0C,0xC0,0x00,0xC8,0xFE,0x08,0x80,0x61,0x88,0x46,0x17,0xF4,0x63,0x19,0x44,0x71,0x16,0x47,0x11,0x24,0xD1,0x12,0xC5,0x33,0x28,0x13,0x23,0x81,0x3A,0x38,0x12,0xE1,0x01,0x06,0x38,0x10,0xF2,0x81,0x09,0x6C,0x11,0x8C,0x61,0x71,0x83,0x00,0x00,0x00,0x00,0x00}},
/*	伯	*/{0x4F2F, 20, 20, {0x06,0x18,0x00,0x41,0x80,0x04,0x18,0x00,0xC1,0x00,0x09,0xFF,0xC1,0x98,0x0C,0x39,0x80,0xC3,0x98,0x0C,0x79,0x80,0xC5,0x98,0x0C,0x19,0xFF,0xC1,0x98,0x0C,0x19,0x80,0xC1,0x98,0x0C,0x19,0x80,0xC1,0x98,0x0C,0x19,0xFF,0xC1,0x9F,0xFC,0x00,0x00,0x00,0x00,0x00}},
/*	估	*/{0x4F30, 20, 20, {0x06,0x0C,0x00,0x40,0xC0,0x0C,0x0C,0x00,0x80,0xC0,0x1B,0xFF,0xE3,0x80,0xC0,0x38,0x0C,0x0F,0x80,0xC0,0x58,0x0C,0x01,0x80,0xC0,0x18,0xFF,0xC1,0x8F,0xFC,0x18,0x80,0xC1,0x88,0x0C,0x18,0x80,0xC1,0x88,0x0C,0x18,0x80,0xC1,0x8F,0xFC,0x00,0x00,0x00,0x00,0x00}},
/*	伱	*/{0x4F31, 20, 20, {0x06,0x18,0x00,0x43,0xC0,0x0C,0x26,0x00,0x86,0x30,0x18,0xC1,0x83,0x98,0x0C,0x7F,0x08,0x7F,0xA0,0x82,0x59,0x08,0x01,0x88,0x98,0x19,0x88,0xC1,0x98,0x8C,0x19,0x08,0x41,0xB0,0x86,0x1A,0x08,0x21,0x80,0x80,0x18,0x08,0x01,0x87,0x80,0x00,0x00,0x00,0x00,0x00}},
/*	伲	*/{0x4F32, 20, 20, {0x07,0xFF,0xC0,0xD8,0x04,0x0D,0x80,0x40,0x98,0x04,0x19,0x80,0x43,0x9F,0xFC,0x39,0x80,0x07,0x99,0x00,0x59,0x90,0x81,0x99,0x1C,0x19,0x97,0x01,0x91,0xC0,0x19,0x10,0x01,0x91,0x04,0x1B,0x10,0x21,0xB1,0x02,0x1A,0x10,0x61,0xE1,0xFC,0x00,0x00,0x00,0x00,0x00}},
/*	伳	*/{0x4F33, 20, 20, {0x0D,0x99,0x80,0xD9,0x98,0x09,0x99,0x81,0x99,0x98,0x19,0x99,0x83,0xFF,0xFE,0x39,0x99,0x87,0x99,0x98,0x59,0x99,0x85,0x99,0x98,0x19,0x99,0x81,0x99,0x98,0x19,0x9F,0x81,0x98,0x00,0x19,0x80,0x01,0x98,0x00,0x19,0xFF,0xE1,0x9F,0xFE,0x00,0x00,0x00,0x00,0x00}},
/*	伴	*/{0x4F34, 20, 20, {0x06,0x08,0x80,0x58,0x8C,0x0C,0x88,0xC0,0x8C,0x98,0x18,0x49,0x03,0x80,0x80,0x39,0xFF,0xCF,0x80,0x80,0x58,0x08,0x01,0x80,0x80,0x18,0x08,0x01,0xBF,0xFE,0x18,0x08,0x01,0x80,0x80,0x18,0x08,0x01,0x80,0x80,0x18,0x08,0x01,0x80,0x80,0x00,0x00,0x00,0x00,0x00}},
/*	伵	*/{0x4F35, 20, 20, {0x06,0x00,0x00,0x5F,0xFE,0x0D,0x12,0x60,0x91,0x26,0x19,0x12,0x63,0x91,0x26,0x79,0x32,0x6F,0x93,0x26,0x59,0x32,0x61,0x92,0x26,0x19,0x63,0xE1,0x9C,0x06,0x19,0x40,0x61,0x90,0x06,0x19,0x00,0x61,0x90,0x06,0x19,0xFF,0xE1,0x90,0x06,0x00,0x00,0x00,0x00,0x00}},
/*	伶	*/{0x4F36, 20, 20, {0x06,0x18,0x00,0x41,0xC0,0x0C,0x34,0x00,0x86,0x60,0x18,0xC3,0x03,0x99,0x18,0x3F,0x18,0xEF,0xA0,0xC4,0x58,0x00,0x01,0x9F,0xFC,0x18,0x01,0x81,0x80,0x30,0x18,0x03,0x01,0x84,0x60,0x18,0x7C,0x01,0x81,0x80,0x18,0x0C,0x01,0x80,0x60,0x00,0x00,0x00,0x00,0x00}},
/*	伷	*/{0x4F37, 20, 20, {0x06,0x08,0x00,0x40,0x80,0x0C,0x08,0x00,0x80,0x80,0x19,0xFF,0xC3,0x90,0x84,0x39,0x08,0x4F,0x90,0x84,0x59,0x08,0x41,0x90,0x84,0x19,0xFF,0xC1,0x90,0x84,0x19,0x08,0x41,0x90,0x84,0x19,0x08,0x41,0x90,0x84,0x19,0xFF,0xC1,0x90,0x04,0x00,0x00,0x00,0x00,0x00}},
/*	伸	*/{0x4F38, 20, 20, {0x06,0x08,0x00,0x40,0x80,0x0C,0x08,0x00,0x9F,0xFE,0x19,0x08,0x63,0x90,0x86,0x79,0x08,0x6F,0x9F,0xFE,0x59,0x08,0x61,0x90,0x86,0x19,0x08,0x61,0x9F,0xFE,0x19,0x08,0x61,0x80,0x80,0x18,0x08,0x01,0x80,0x80,0x18,0x08,0x01,0x80,0x80,0x00,0x00,0x00,0x00,0x00}},
/*	伹	*/{0x4F39, 20, 20, {0x06,0xFF,0x80,0x4C,0x08,0x0C,0xC0,0x80,0x8C,0x08,0x18,0xC0,0x83,0x8F,0xF8,0x38,0xC0,0x8F,0x8C,0x08,0x58,0xC0,0x81,0x8C,0x08,0x18,0xC0,0x81,0x8F,0xF8,0x18,0xC0,0x81,0x8C,0x08,0x18,0xC0,0x81,0x8C,0x08,0x1B,0xFF,0xE1,0xBF,0xFE,0x00,0x00,0x00,0x00,0x00}},
/*	伺	*/{0x4F3A, 20, 20, {0x07,0xFF,0xC0,0x5F,0xFC,0x0C,0x00,0x40,0x80,0x04,0x19,0xFF,0x43,0x9F,0xF4,0x38,0x00,0x4F,0x80,0x04,0x59,0xFC,0x41,0x98,0x44,0x19,0x84,0x41,0x98,0x44,0x19,0x84,0x41,0x9F,0xC4,0x19,0x80,0x41,0x98,0x04,0x18,0x04,0x41,0x80,0x3C,0x00,0x00,0x00,0x00,0x00}},
/*	伻	*/{0x4F3B, 20, 20, {0x07,0xFF,0xE0,0x40,0xC0,0x0C,0x0C,0x00,0x88,0xCC,0x18,0xCC,0xC3,0x8C,0xC8,0x38,0x4C,0x87,0x84,0xD8,0x58,0x4C,0x81,0x80,0xC0,0x1B,0xFF,0xE1,0x80,0xC0,0x18,0x0C,0x01,0x80,0xC0,0x18,0x0C,0x01,0x80,0xC0,0x18,0x0C,0x01,0x80,0xC0,0x00,0x00,0x00,0x00,0x00}},
/*	似	*/{0x4F3C, 20, 20, {0x0C,0x00,0x80,0xDA,0x08,0x09,0xB0,0x81,0x99,0x08,0x11,0x90,0x83,0x19,0x88,0x31,0x89,0x87,0x18,0xD8,0xD1,0x81,0x85,0x18,0x10,0x11,0x81,0x81,0x18,0xB8,0x11,0xBB,0xC1,0x1E,0x2C,0x11,0xC6,0x41,0x30,0xC6,0x10,0x1C,0x21,0x03,0x82,0x00,0x00,0x00,0x00,0x00}},
/*	伽	*/{0x4F3D, 20, 20, {0x0C,0x80,0x00,0x88,0x00,0x08,0x87,0xC1,0x88,0x64,0x13,0xF6,0x43,0x09,0x64,0x30,0x96,0x47,0x09,0x64,0x50,0x96,0x41,0x19,0x64,0x11,0x96,0x41,0x19,0x64,0x11,0x16,0x41,0x11,0x64,0x11,0x16,0x41,0x33,0x7C,0x12,0x36,0x41,0x6E,0x64,0x00,0x00,0x00,0x00,0x00}},
/*	伾	*/{0x4F3E, 20, 20, {0x06,0x00,0x00,0x5F,0xFE,0x0C,0x06,0x00,0x80,0xC0,0x18,0x08,0x03,0x81,0x80,0x38,0x3B,0x0F,0x86,0x98,0x58,0xC8,0xC1,0xB8,0x86,0x1B,0x08,0x21,0x80,0x80,0x18,0x08,0x01,0x80,0x80,0x18,0x08,0x01,0x80,0x80,0x18,0x00,0x01,0x9F,0xFE,0x00,0x00,0x00,0x00,0x00}},
/*	伿	*/{0x4F3F, 20, 20, {0x06,0x00,0x00,0x6F,0xFC,0x0C,0xC0,0xC0,0xCC,0x0C,0x18,0xC0,0xC1,0x8C,0x0C,0x38,0xC0,0xC6,0x8C,0x0C,0x68,0xC0,0xC4,0x8C,0x0C,0x08,0xFF,0xC0,0x80,0x00,0x08,0x23,0x00,0x83,0x18,0x08,0x60,0xC0,0x8C,0x0C,0x09,0x80,0x60,0xB0,0x02,0x00,0x00,0x00,0x00,0x00}},
/*	佀	*/{0x4F40, 20, 20, {0x02,0x00,0x00,0x6F,0xFC,0x04,0xC0,0xC0,0xCC,0x0C,0x18,0xC0,0xC1,0x8C,0x0C,0x38,0xFF,0xC6,0x8C,0x00,0xC8,0xC0,0x04,0x8C,0x00,0x08,0xFF,0xE0,0x8C,0x06,0x08,0xC0,0x60,0x8C,0x06,0x08,0xC0,0x60,0x8C,0x06,0x08,0xFF,0xE0,0x8C,0x06,0x00,0x00,0x00,0x00,0x00}},
/*	佁	*/{0x4F41, 20, 20, {0x06,0x18,0x00,0x43,0x00,0x0C,0x31,0x00,0x86,0x30,0x18,0x41,0x83,0x8C,0x0C,0x39,0xBF,0xC7,0x9F,0xFE,0x58,0x00,0x21,0x80,0x00,0x18,0xFF,0xC1,0x88,0x0C,0x18,0x80,0xC1,0x88,0x0C,0x18,0x80,0xC1,0x88,0x0C,0x18,0x80,0xC1,0x8F,0xFC,0x00,0x00,0x00,0x00,0x00}},
/*	佂	*/{0x4F42, 20, 20, {0x06,0x00,0x00,0x5F,0xFE,0x0C,0x0C,0x00,0x80,0xC0,0x18,0x0C,0x03,0x80,0xC0,0x78,0x8C,0x0F,0x88,0xC0,0x58,0x8F,0xC1,0x88,0xC0,0x18,0x8C,0x01,0x88,0xC0,0x18,0x8C,0x01,0x88,0xC0,0x18,0x8C,0x01,0x88,0xC0,0x1B,0xFF,0xE1,0xBF,0xFE,0x00,0x00,0x00,0x00,0x00}},
/*	佃	*/{0x4F43, 20, 20, {0x07,0xFF,0xC0,0x58,0x84,0x0D,0x88,0x40,0x98,0x84,0x19,0x88,0x43,0x98,0x84,0x39,0x88,0x4F,0x9F,0xFC,0x59,0xFF,0xC1,0x98,0x84,0x19,0x88,0x41,0x98,0x84,0x19,0x88,0x41,0x98,0x84,0x19,0x88,0x41,0x98,0x84,0x19,0xFF,0xC1,0x98,0x04,0x00,0x00,0x00,0x00,0x00}},
/*	佄	*/{0x4F44, 20, 20, {0x06,0x41,0x80,0x64,0x18,0x04,0x41,0x80,0xC4,0x18,0x1B,0xFF,0xE1,0x84,0x18,0x38,0x41,0x86,0x84,0x18,0x68,0x41,0x84,0x84,0x18,0x08,0x7F,0x80,0x84,0x18,0x08,0x41,0x80,0x84,0x18,0x08,0x41,0x80,0x84,0x18,0x08,0x7F,0x80,0x84,0x18,0x00,0x00,0x00,0x00,0x00}},
/*	佅	*/{0x4F45, 20, 20, {0x02,0x08,0x00,0x60,0x80,0x04,0x08,0x00,0xC0,0x80,0x19,0xFF,0xC1,0x80,0x80,0x38,0x08,0x06,0x80,0x80,0x4B,0xFF,0xE4,0x81,0xC0,0x08,0x3E,0x00,0x82,0xA0,0x08,0x6B,0x00,0x8C,0x98,0x09,0x88,0xC0,0xB0,0x86,0x0A,0x08,0x20,0x80,0x80,0x00,0x00,0x00,0x00,0x00}},
/*	但	*/{0x4F46, 20, 20, {0x06,0x00,0x00,0x4F,0xFC,0x0C,0x80,0xC0,0xC8,0x0C,0x18,0x80,0xC3,0x88,0x0C,0x38,0xFF,0xC7,0x88,0x0C,0x58,0x80,0xC1,0x88,0x0C,0x18,0x80,0xC1,0x8F,0xFC,0x18,0xFF,0xC1,0x80,0x00,0x18,0x00,0x01,0x80,0x00,0x1B,0xFF,0xE1,0xBF,0xFE,0x00,0x00,0x00,0x00,0x00}},
/*	佇	*/{0x4F47, 20, 20, {0x06,0x18,0x00,0x40,0xC0,0x0C,0x00,0x00,0x9F,0xFE,0x19,0x00,0x63,0x90,0x06,0x39,0x00,0x67,0x80,0x00,0x5B,0xFF,0xE1,0x80,0xC0,0x18,0x0C,0x01,0x80,0xC0,0x18,0x0C,0x01,0x80,0xC0,0x18,0x0C,0x01,0x80,0xC0,0x18,0x0C,0x01,0x87,0x80,0x00,0x00,0x00,0x00,0x00}},
/*	佈	*/{0x4F48, 20, 20, {0x06,0x10,0x00,0x43,0x00,0x0C,0x30,0x00,0xBF,0xFE,0x18,0x60,0x03,0x84,0xC0,0x78,0xCC,0x0F,0x98,0xC0,0x59,0xFF,0xC1,0xB8,0xC4,0x1E,0x8C,0x41,0x88,0xC4,0x18,0x8C,0x41,0x88,0xC4,0x18,0x8D,0xC1,0x88,0xD8,0x18,0x0C,0x01,0x80,0xC0,0x00,0x00,0x00,0x00,0x00}},
/*	佉	*/{0x4F49, 20, 20, {0x06,0x18,0x00,0x41,0x80,0x0C,0x18,0x00,0x9F,0xFC,0x18,0x18,0x03,0x81,0x80,0x38,0x18,0x07,0x81,0x80,0x58,0x18,0x01,0xBF,0xFE,0x18,0x30,0x01,0x83,0x00,0x18,0x63,0x01,0x84,0x10,0x18,0xC1,0x81,0x99,0xFC,0x1B,0xFE,0xC1,0x90,0x06,0x00,0x00,0x00,0x00,0x00}},
/*	佊	*/{0x4F4A, 20, 20, {0x06,0x04,0x00,0x60,0x40,0x04,0x04,0x00,0xCF,0xFE,0x18,0x84,0x61,0x88,0x46,0x38,0x84,0x46,0x88,0x40,0x48,0xFF,0xC4,0x8A,0x0C,0x08,0xA0,0x80,0x8B,0x18,0x08,0x9B,0x00,0x98,0xE0,0x09,0x86,0x00,0x91,0xF0,0x0B,0x31,0xC0,0xBE,0x0E,0x00,0x00,0x00,0x00,0x00}},
/*	佋	*/{0x4F4B, 20, 20, {0x07,0xFF,0xE0,0x41,0x86,0x0C,0x18,0x60,0x81,0x86,0x18,0x10,0x63,0x83,0x04,0x38,0x64,0x4F,0xBC,0x3C,0x59,0x80,0x01,0x8F,0xFC,0x18,0xFF,0xC1,0x88,0x04,0x18,0x80,0x41,0x88,0x04,0x18,0x80,0x41,0x88,0x04,0x18,0xFF,0xC1,0x8F,0xFC,0x00,0x00,0x00,0x00,0x00}},
/*	佌	*/{0x4F4C, 20, 20, {0x0C,0x62,0x00,0xC6,0x20,0x08,0x62,0x01,0x86,0x20,0x13,0x62,0x43,0x36,0x26,0x73,0x7A,0xC7,0x36,0x30,0xD3,0x62,0x05,0x36,0x20,0x13,0x62,0x01,0x36,0x20,0x13,0x62,0x01,0x36,0x20,0x13,0x6A,0x21,0x37,0xA2,0x13,0xE2,0x21,0x60,0x3E,0x00,0x00,0x00,0x00,0x00}},
/*	位	*/{0x4F4D, 20, 20, {0x00,0x08,0x00,0x61,0x80,0x06,0x08,0x00,0xC0,0xC0,0x0C,0x00,0x01,0x9F,0xFC,0x18,0x00,0x03,0x84,0x18,0x68,0x41,0x84,0x86,0x18,0x08,0x61,0x00,0x86,0x10,0x08,0x21,0x00,0x82,0x30,0x08,0x23,0x00,0x83,0x20,0x08,0x22,0x00,0x80,0x20,0x09,0xFF,0xE0,0x00,0x00}},
/*	低	*/{0x4F4E, 20, 20, {0x06,0x03,0xC0,0x47,0xF0,0x0C,0xF4,0x00,0x88,0x60,0x18,0x86,0x03,0x88,0x60,0x38,0x86,0x07,0x88,0x60,0xD8,0xFF,0xE5,0x88,0x20,0x18,0x82,0x01,0x88,0x20,0x18,0x83,0x01,0x88,0x30,0x18,0x89,0x21,0x88,0xD2,0x19,0xF5,0xE1,0x9C,0x6C,0x00,0x00,0x00,0x00,0x00}},
/*	住	*/{0x4F4F, 20, 20, {0x06,0x18,0x00,0x60,0x80,0x0C,0x0C,0x00,0xC0,0x00,0x19,0xFF,0xE1,0x80,0xC0,0x38,0x0C,0x06,0x80,0xC0,0x48,0x0C,0x00,0x80,0xC0,0x09,0xFF,0xC0,0x80,0xC0,0x08,0x0C,0x00,0x80,0xC0,0x08,0x0C,0x00,0x80,0xC0,0x08,0x0C,0x00,0xBF,0xFE,0x00,0x00,0x00,0x00,0x00}},
/*	佐	*/{0x4F50, 20, 20, {0x06,0x10,0x00,0x43,0x00,0x0C,0x30,0x00,0x83,0x00,0x1B,0xFF,0xE3,0x82,0x00,0x38,0x60,0x0F,0x86,0x00,0x58,0x40,0x01,0x8F,0xFE,0x18,0xC6,0x01,0x88,0x60,0x19,0x86,0x01,0xB0,0x60,0x1B,0x06,0x01,0xE0,0x60,0x1A,0xFF,0xE1,0x8F,0xFE,0x00,0x00,0x00,0x00,0x00}},
/*	佑	*/{0x4F51, 20, 20, {0x06,0x18,0x00,0x41,0x80,0x0C,0x18,0x00,0x81,0x00,0x1B,0xFF,0xE3,0x83,0x00,0x38,0x20,0x0F,0x86,0x00,0x58,0x60,0x01,0x8F,0xFC,0x18,0xE0,0x41,0x9E,0x04,0x1B,0x60,0x41,0xE6,0x04,0x18,0x60,0x41,0x86,0x04,0x18,0x7F,0xC1,0x86,0x04,0x00,0x00,0x00,0x00,0x00}},
/*	佒	*/{0x4F52, 20, 20, {0x06,0x08,0x00,0x40,0x80,0x0C,0x08,0x00,0x9F,0xFC,0x19,0x88,0xC3,0x98,0x8C,0x79,0x88,0xCF,0x98,0x8C,0x59,0x88,0xC1,0xFF,0xFE,0x18,0x1C,0x01,0x81,0xC0,0x18,0x16,0x01,0x83,0x20,0x18,0x63,0x01,0x8C,0x18,0x19,0x80,0xC1,0xB0,0x06,0x00,0x00,0x00,0x00,0x00}},
/*	体	*/{0x4F53, 20, 20, {0x04,0x08,0x00,0xC0,0x80,0x0C,0x08,0x01,0x80,0x80,0x1B,0xFF,0xE3,0x81,0xC0,0x38,0x2E,0x07,0x82,0xA0,0x58,0x6B,0x01,0x84,0x90,0x18,0xC9,0x81,0x98,0x88,0x1B,0x08,0xC1,0xFF,0xF6,0x1A,0x08,0x21,0x80,0x80,0x18,0x08,0x01,0x80,0x80,0x00,0x00,0x00,0x00,0x00}},
/*	佔	*/{0x4F54, 20, 20, {0x06,0x08,0x00,0x40,0x80,0x0C,0x08,0x00,0x80,0x80,0x18,0x0F,0xE3,0x80,0x80,0x38,0x08,0x0F,0x80,0x80,0x58,0x08,0x01,0x80,0x80,0x19,0xFF,0xC1,0x98,0x0C,0x19,0x80,0xC1,0x98,0x0C,0x19,0x80,0xC1,0x98,0x0C,0x19,0xFF,0xC1,0x98,0x0C,0x00,0x00,0x00,0x00,0x00}},
/*	何	*/{0x4F55, 20, 20, {0x06,0x00,0x00,0x40,0x00,0x0D,0xFF,0xE0,0x80,0x0C,0x18,0x00,0xC3,0x80,0x0C,0x39,0xFC,0xC7,0x98,0xCC,0x59,0x8C,0xC1,0x98,0xCC,0x19,0x8C,0xC1,0x98,0xCC,0x19,0xFC,0xC1,0x98,0x0C,0x18,0x00,0xC1,0x80,0x0C,0x18,0x0F,0xC1,0x80,0x78,0x00,0x00,0x00,0x00,0x00}},
/*	佖	*/{0x4F56, 20, 20, {0x06,0x70,0x00,0x41,0x8C,0x0C,0x0E,0x80,0x80,0x58,0x18,0x61,0x03,0x86,0x30,0x38,0x62,0x0F,0x96,0x78,0x59,0x64,0xC1,0x96,0xC4,0x1B,0x78,0x61,0xA7,0x06,0x1E,0x70,0x21,0xA6,0x10,0x18,0xE0,0x81,0x9E,0x08,0x1F,0x21,0x81,0xA3,0xF0,0x00,0x00,0x00,0x00,0x00}},
/*	佗	*/{0x4F57, 20, 20, {0x00,0x08,0x00,0x61,0x80,0x04,0x0C,0x00,0xC0,0xC0,0x09,0xFF,0xE1,0x90,0x06,0x39,0x00,0x63,0x94,0x06,0x78,0x40,0x05,0x84,0x0C,0x18,0x43,0x81,0x85,0xE0,0x18,0x70,0x01,0x84,0x00,0x18,0x40,0x41,0x84,0x06,0x18,0x40,0x61,0x86,0x04,0x18,0x3F,0xC0,0x00,0x00}},
/*	佘	*/{0x4F58, 20, 19, {0x00,0x20,0x00,0x06,0x00,0x00,0xF0,0x00,0x19,0x80,0x03,0x0C,0x00,0x60,0x70,0x1C,0x03,0x87,0xBF,0xEF,0x60,0x00,0x20,0x00,0x00,0x00,0x00,0x03,0xFF,0xFC,0x00,0x60,0x00,0x66,0x60,0x0C,0x63,0x01,0x86,0x18,0x30,0x60,0xC6,0x26,0x04,0x01,0xC0,0x00}},
/*	余	*/{0x4F59, 20, 20, {0x00,0x20,0x00,0x06,0x00,0x00,0xF0,0x00,0x19,0x80,0x03,0x0C,0x00,0xE0,0x70,0x1C,0x01,0xCF,0x7F,0xEF,0x40,0x60,0x20,0x06,0x00,0x00,0x60,0x03,0xFF,0xFC,0x00,0x60,0x00,0x06,0x00,0x06,0x66,0x00,0xC6,0x30,0x18,0x61,0x87,0x06,0x0E,0x23,0xE0,0x40,0x00,0x00}},
/*	佚	*/{0x4F5A, 20, 20, {0x06,0x48,0x00,0x4C,0x80,0x0C,0xC8,0x00,0x88,0x80,0x19,0xFF,0xC3,0x98,0x80,0x3B,0x08,0x0F,0x90,0x80,0x58,0x08,0x01,0xBF,0xFE,0x18,0x0C,0x01,0x81,0xC0,0x18,0x16,0x01,0x83,0x20,0x18,0x63,0x01,0x8E,0x18,0x19,0x80,0xC1,0xB0,0x06,0x00,0x00,0x00,0x00,0x00}},
/*	佛	*/{0x4F5B, 20, 20, {0x06,0x26,0x00,0x42,0x60,0x0C,0x26,0x00,0xBF,0xFC,0x18,0x26,0x43,0x82,0x64,0x78,0x26,0x4F,0x9F,0xFC,0x5B,0x26,0x01,0xB2,0x60,0x1A,0x26,0x01,0xBF,0xFE,0x18,0x66,0x21,0x86,0x66,0x18,0x46,0x61,0x8C,0x7C,0x19,0x86,0x01,0xF0,0x60,0x00,0x00,0x00,0x00,0x00}},
/*	作	*/{0x4F5C, 20, 20, {0x06,0x30,0x00,0x62,0x00,0x0C,0x60,0x00,0xC7,0xFE,0x18,0xD8,0x01,0x8D,0x80,0x39,0x98,0x06,0xB1,0x80,0x49,0x1F,0xE0,0x81,0x80,0x08,0x18,0x00,0x81,0x80,0x08,0x1F,0xE0,0x81,0x80,0x08,0x18,0x00,0x81,0x80,0x08,0x18,0x00,0x81,0x80,0x00,0x00,0x00,0x00,0x00}},
/*	佝	*/{0x4F5D, 20, 20, {0x06,0x60,0x00,0x46,0x00,0x0C,0xC0,0x00,0x8F,0xFE,0x19,0x80,0x63,0x98,0x06,0x3B,0x00,0x67,0xE0,0x06,0x58,0xFC,0x61,0x88,0x46,0x18,0x84,0x61,0x88,0x44,0x18,0x84,0x41,0x8F,0xC4,0x18,0x80,0x41,0x80,0x0C,0x18,0x08,0xC1,0x80,0x78,0x00,0x00,0x00,0x00,0x00}},
/*	佞	*/{0x4F5E, 20, 20, {0x06,0x00,0x00,0xDF,0xFC,0x0C,0x00,0x01,0x80,0x00,0x18,0x00,0x03,0xBF,0xFE,0x78,0x18,0x0F,0x83,0x00,0x58,0x30,0x01,0xBF,0xFE,0x18,0x61,0x01,0x8C,0x10,0x19,0x83,0x01,0x8F,0x60,0x18,0x1C,0x01,0x81,0xF0,0x18,0xF1,0xC1,0xFC,0x06,0x00,0x00,0x00,0x00,0x00}},
/*	佟	*/{0x4F5F, 20, 20, {0x06,0x30,0x00,0x46,0x00,0x0C,0x7F,0xC0,0x8C,0x18,0x19,0xC3,0x03,0xB6,0x60,0x3A,0x3E,0x0F,0x81,0x80,0x58,0x7E,0x01,0x9C,0x3C,0x1F,0x00,0xE1,0x87,0x00,0x18,0x1E,0x01,0x80,0x30,0x18,0x80,0x01,0x9F,0x00,0x18,0x1E,0x01,0x80,0x38,0x00,0x00,0x00,0x00,0x00}},
/*	你	*/{0x4F60, 20, 20, {0x06,0x60,0x00,0x44,0x00,0x0C,0x40,0x00,0x8C,0x00,0x18,0xFF,0xE3,0x98,0xC6,0x79,0x0C,0x6F,0xB0,0xC4,0x58,0x4D,0x81,0x84,0xC8,0x18,0xCC,0xC1,0x8C,0xCC,0x18,0x8C,0x41,0x98,0xC6,0x1B,0x0C,0x61,0x90,0xC4,0x18,0x0C,0x01,0x83,0x80,0x00,0x00,0x00,0x00,0x00}},
/*	佡	*/{0x4F61, 20, 20, {0x06,0x08,0x00,0x41,0xC0,0x0C,0x14,0x00,0x83,0x60,0x18,0x63,0x03,0x8C,0x18,0x39,0x80,0xE7,0xB0,0x86,0x58,0x08,0x01,0x98,0x80,0x19,0x88,0xC1,0x98,0x8C,0x19,0x88,0xC1,0x98,0x8C,0x19,0x88,0xC1,0x98,0x8C,0x19,0x8B,0xC1,0x9F,0xFC,0x00,0x00,0x00,0x00,0x00}},
/*	佢	*/{0x4F62, 20, 20, {0x06,0xFF,0xE0,0x4F,0xFE,0x0C,0xC0,0x00,0x8C,0x00,0x18,0xC0,0x03,0x8F,0xFC,0x38,0xC0,0xCF,0x8C,0x0C,0x58,0xC0,0xC1,0x8C,0x0C,0x18,0xC0,0xC1,0x8F,0xFC,0x18,0xFF,0xC1,0x8C,0x00,0x18,0xC0,0x01,0x8C,0x00,0x18,0xFF,0xE1,0x8F,0xFE,0x00,0x00,0x00,0x00,0x00}},
/*	佣	*/{0x4F63, 20, 20, {0x06,0x00,0x00,0x5F,0xFE,0x0D,0x8C,0x60,0x98,0xC6,0x19,0x8C,0x63,0x98,0xC6,0x79,0xFF,0xEF,0x98,0xC6,0x59,0x8C,0x61,0x98,0xC6,0x19,0x8C,0x61,0x9F,0xFE,0x19,0x0C,0x61,0x90,0xC6,0x19,0x0C,0x61,0xB0,0xC6,0x1A,0x0C,0x61,0xE0,0xDC,0x00,0x00,0x00,0x00,0x00}},
/*	佤	*/{0x4F64, 20, 20, {0x06,0x00,0x00,0x5F,0xFE,0x0C,0x40,0x00,0x84,0x00,0x18,0x40,0x03,0x87,0xF0,0x38,0xC1,0x07,0x8C,0x10,0x58,0xF1,0x01,0x8D,0x90,0x18,0xC9,0x01,0x8C,0xD0,0x18,0xC5,0x01,0x88,0x10,0x18,0x81,0x21,0x88,0x52,0x19,0xFD,0xA1,0x9C,0x1E,0x00,0x00,0x00,0x00,0x00}},
/*	佥	*/{0x4F65, 20, 19, {0x00,0x40,0x00,0x06,0x00,0x00,0xE0,0x00,0x19,0x80,0x03,0x0C,0x00,0x60,0x60,0x1C,0x03,0x87,0x7F,0xEE,0x20,0x00,0x20,0x00,0x00,0x18,0xC1,0x80,0x84,0x10,0x0C,0x63,0x00,0x42,0x20,0x06,0x26,0x00,0x62,0x60,0x00,0x0C,0x00,0x00,0xC0,0x3F,0xFF,0xE0}},
/*	佦	*/{0x4F66, 20, 20, {0x06,0x00,0x00,0x5F,0xFE,0x0C,0x30,0x00,0x83,0x00,0x18,0x20,0x03,0x86,0x00,0x38,0x60,0x0F,0x84,0x00,0x58,0xFF,0xC1,0x9C,0x04,0x19,0x40,0x41,0xB4,0x04,0x1A,0x40,0x41,0x84,0x04,0x18,0x40,0x41,0x84,0x04,0x18,0x7F,0xC1,0x84,0x04,0x00,0x00,0x00,0x00,0x00}},
/*	佧	*/{0x4F67, 20, 20, {0x06,0x10,0x00,0x41,0x00,0x0C,0x1F,0xC0,0x81,0x00,0x18,0x10,0x03,0x81,0x00,0x38,0x10,0x0F,0x81,0x00,0x5B,0xFF,0xE1,0x81,0x00,0x18,0x10,0x01,0x81,0xE0,0x18,0x13,0x01,0x81,0x1E,0x18,0x10,0x41,0x81,0x00,0x18,0x10,0x01,0x81,0x00,0x00,0x00,0x00,0x00,0x00}},
/*	佨	*/{0x4F68, 20, 20, {0x06,0x60,0x00,0x44,0x00,0x0C,0xFF,0xC0,0xC8,0x04,0x09,0x80,0x41,0x90,0x04,0x3B,0xFE,0x43,0xE8,0x24,0x78,0x82,0x45,0x88,0x24,0x18,0x82,0x41,0x8F,0xE4,0x18,0x83,0xC1,0x88,0x00,0x18,0x80,0x21,0x88,0x02,0x18,0xC0,0x61,0x87,0xFC,0x00,0x00,0x00,0x00,0x00}},
/*	佩	*/{0x4F69, 20, 20, {0x0F,0xFF,0x80,0xB0,0x08,0x1B,0x00,0x81,0xB7,0xE8,0x13,0x18,0x83,0x31,0x88,0x33,0x18,0x87,0x37,0xE8,0x53,0x52,0x85,0x35,0x28,0x13,0x52,0x81,0x25,0x28,0x12,0x52,0x81,0x25,0x2E,0x12,0x56,0xE1,0x25,0x06,0x16,0x10,0x61,0x41,0x06,0x00,0x00,0x00,0x00,0x00}},
/*	佪	*/{0x4F6A, 20, 20, {0x07,0xFF,0xC0,0x50,0x04,0x0D,0x00,0x40,0x90,0x04,0x19,0x3E,0x43,0x92,0x24,0x79,0x22,0x4F,0x92,0x24,0x59,0x22,0x41,0x92,0x24,0x19,0x22,0x41,0x93,0xE4,0x19,0x00,0x41,0x90,0x04,0x19,0x00,0x41,0x90,0x04,0x19,0xFF,0xC1,0x90,0x04,0x00,0x00,0x00,0x00,0x00}},
/*	佫	*/{0x4F6B, 20, 20, {0x06,0x30,0x00,0x46,0x00,0x0C,0x7F,0x80,0x8C,0x18,0x19,0xE3,0x01,0xBB,0x20,0x39,0x1E,0x07,0x80,0xC0,0x58,0x3E,0x05,0x86,0x38,0x19,0xC0,0xE1,0xBF,0xFA,0x18,0xC0,0x81,0x8C,0x08,0x18,0xC0,0x81,0x8C,0x08,0x18,0xC0,0x81,0x8F,0xF8,0x00,0x00,0x00,0x00,0x00}},
/*	佬	*/{0x4F6C, 20, 20, {0x06,0x30,0x00,0xC3,0x06,0x0D,0xFE,0xC0,0x83,0x0C,0x18,0x31,0x83,0x83,0x30,0x38,0x33,0x07,0xBF,0xFE,0x58,0x0C,0x01,0x83,0x80,0x18,0x60,0x81,0x9E,0x3C,0x1F,0xEE,0x01,0xA7,0x80,0x18,0x60,0x41,0x86,0x06,0x18,0x60,0x41,0x83,0xFC,0x00,0x00,0x00,0x00,0x00}},
/*	佭	*/{0x4F6D, 20, 20, {0x06,0x18,0x00,0x43,0x00,0x0C,0x7F,0xC0,0xCE,0x18,0x19,0xB3,0x01,0xB1,0xE0,0x38,0x0E,0x06,0x83,0xB8,0x49,0xED,0xE0,0xB8,0xC2,0x08,0xFF,0xC0,0x80,0xC0,0x08,0x8C,0x00,0x88,0xC0,0x09,0xFF,0xE0,0x80,0xC0,0x08,0x0C,0x00,0x80,0xC0,0x00,0x00,0x00,0x00,0x00}},
/*	佮	*/{0x4F6E, 20, 20, {0x06,0x0C,0x00,0x41,0xC0,0x0C,0x16,0x00,0x83,0x30,0x18,0x61,0x83,0x8C,0x0C,0x3B,0xFF,0x6F,0xA0,0x02,0x58,0x00,0x01,0x80,0x00,0x18,0xFF,0x81,0x8C,0x08,0x18,0xC0,0x81,0x8C,0x08,0x18,0xC0,0x81,0x8C,0x08,0x18,0xFF,0x81,0x8C,0x08,0x00,0x00,0x00,0x00,0x00}},
/*	佯	*/{0x4F6F, 20, 20, {0x04,0xC0,0xC0,0xC4,0x18,0x08,0x61,0x01,0x84,0x30,0x19,0xFF,0xE3,0x80,0xC0,0x38,0x0C,0x07,0x80,0xC0,0x59,0xFF,0xC5,0x80,0xC0,0x18,0x0C,0x01,0x80,0xC0,0x1B,0xFF,0xE1,0x80,0xC0,0x18,0x0C,0x01,0x80,0xC0,0x18,0x0C,0x01,0x80,0xC0,0x00,0x00,0x00,0x00,0x00}},
/*	佰	*/{0x4F70, 20, 20, {0x07,0xFF,0xE0,0x41,0x80,0x0C,0x18,0x00,0xC1,0x80,0x08,0x10,0x01,0x8F,0xFC,0x38,0x80,0xC3,0x88,0x0C,0x78,0x80,0xC5,0x88,0x0C,0x18,0xFF,0xC1,0x88,0x0C,0x18,0x80,0xC1,0x88,0x0C,0x18,0x80,0xC1,0x88,0x0C,0x18,0xFF,0xC1,0x88,0x0C,0x00,0x00,0x00,0x00,0x00}},
/*	佱	*/{0x4F71, 20, 19, {0x00,0xE0,0x00,0x0F,0x00,0x03,0x9C,0x00,0x70,0xE0,0x0C,0x03,0x83,0xBF,0xDE,0x60,0x00,0x60,0x00,0x00,0x00,0x00,0x03,0xFF,0xFC,0x00,0x60,0x00,0xC6,0x00,0x0C,0x60,0x00,0xC7,0xF8,0x0C,0x60,0x00,0xC6,0x00,0x0C,0x60,0x07,0xFF,0xFE,0x00,0x00,0x00}},
/*	佲	*/{0x4F72, 20, 20, {0x06,0x30,0x00,0x43,0x00,0x0C,0x7F,0xC0,0x8C,0x18,0x19,0x81,0x03,0xB4,0x30,0x3A,0x66,0x0F,0x83,0xC0,0x58,0x18,0x01,0x83,0x00,0x18,0xE0,0x01,0x9F,0xFC,0x1B,0x40,0x41,0x84,0x04,0x18,0x40,0x41,0x84,0x04,0x18,0x40,0x41,0x87,0xFC,0x00,0x00,0x00,0x00,0x00}},
/*	佳	*/{0x4F73, 20, 20, {0x06,0x08,0x00,0x40,0x80,0x0C,0xFF,0xC0,0x80,0x80,0x18,0x08,0x01,0x80,0x80,0x38,0x08,0x07,0x9F,0xFE,0x59,0xFF,0xE1,0x80,0x80,0x18,0x08,0x01,0x80,0x80,0x19,0xFF,0xC1,0x80,0x80,0x18,0x08,0x01,0x80,0x80,0x18,0x08,0x01,0xBF,0xFE,0x00,0x00,0x00,0x00,0x00}},
/*	佴	*/{0x4F74, 20, 20, {0x07,0xFF,0xE0,0x5F,0xFE,0x0C,0x40,0x80,0x84,0x08,0x18,0x40,0x83,0x87,0xF8,0x38,0x40,0x87,0x84,0x08,0x58,0x40,0x81,0x87,0xF8,0x18,0x40,0x81,0x84,0x08,0x18,0x40,0x81,0x84,0x1E,0x1B,0xFF,0xE1,0x9E,0x08,0x18,0x00,0x81,0x80,0x08,0x00,0x00,0x00,0x00,0x00}},
/*	併	*/{0x4F75, 20, 20, {0x06,0xC0,0xC0,0x46,0x18,0x0C,0x61,0x00,0x82,0x30,0x19,0xFF,0xE3,0x86,0x30,0x38,0x63,0x0F,0x86,0x30,0x58,0x63,0x01,0x86,0x30,0x1B,0xFF,0xE1,0x86,0x30,0x18,0x63,0x01,0x84,0x30,0x18,0xC3,0x01,0x8C,0x30,0x19,0x83,0x01,0xB0,0x30,0x02,0x00,0x00,0x00,0x00}},
/*	佶	*/{0x4F76, 20, 20, {0x06,0x08,0x00,0x40,0x80,0x0C,0x08,0x00,0xBF,0xFE,0x18,0x08,0x03,0x80,0x80,0x38,0x08,0x07,0x9F,0xFC,0x59,0xFF,0xC1,0x80,0x00,0x18,0x00,0x01,0x9F,0xF8,0x19,0x80,0x81,0x98,0x08,0x19,0x80,0x81,0x98,0x08,0x19,0xFF,0x81,0x9F,0xF8,0x00,0x00,0x00,0x00,0x00}},
/*	佷	*/{0x4F77, 20, 20, {0x0D,0xFF,0x80,0xD8,0x08,0x09,0x80,0x81,0x98,0x08,0x19,0xFF,0x83,0x98,0x08,0x39,0x80,0x87,0x98,0x08,0xD9,0xFF,0x85,0x99,0x80,0x19,0x88,0x41,0x98,0xCE,0x19,0x87,0x81,0x98,0x60,0x19,0x83,0x01,0x99,0xB8,0x19,0xF9,0xC1,0xB8,0x06,0x00,0x00,0x00,0x00,0x00}},
/*	佸	*/{0x4F78, 20, 20, {0x06,0x03,0xC0,0x5F,0xF0,0x0D,0xC8,0x00,0x80,0x80,0x18,0x08,0x03,0x80,0x80,0x3B,0xFF,0xEF,0x80,0x80,0x58,0x08,0x01,0x80,0x80,0x18,0x08,0x01,0x9F,0xFC,0x19,0x80,0x41,0x98,0x04,0x19,0x80,0x41,0x98,0x04,0x19,0xFF,0xC1,0x9F,0xFC,0x00,0x00,0x00,0x00,0x00}},
/*	佹	*/{0x4F79, 20, 20, {0x06,0x20,0x00,0x46,0x00,0x0C,0x7F,0x00,0x8C,0x20,0x19,0x86,0x03,0x9F,0xFE,0x7B,0x80,0x0F,0xA8,0x00,0x58,0x9F,0xC1,0x89,0x0C,0x18,0x90,0xC1,0x89,0x0C,0x18,0x90,0x81,0x99,0x38,0x19,0x90,0x41,0x91,0x02,0x1B,0x10,0x21,0xB1,0xFE,0x00,0x00,0x00,0x00,0x00}},
/*	佺	*/{0x4F7A, 20, 20, {0x06,0x18,0x00,0x41,0x80,0x0C,0x3C,0x00,0x86,0x60,0x18,0xC3,0x03,0x98,0x18,0x3B,0x00,0xEF,0xAF,0xFC,0x58,0x18,0x01,0x81,0x80,0x18,0x18,0x01,0x9F,0xF8,0x18,0x18,0x01,0x81,0x80,0x18,0x18,0x01,0x81,0x80,0x1B,0xFF,0xE1,0xBF,0xFE,0x00,0x00,0x00,0x00,0x00}},
/*	佻	*/{0x4F7B, 20, 20, {0x06,0x26,0x00,0x42,0x60,0x0C,0x26,0x40,0xB2,0x66,0x19,0x26,0xC3,0x9A,0x78,0x38,0xE7,0x07,0x8A,0x60,0x58,0x26,0x01,0x86,0x70,0x18,0xE7,0xC1,0xBE,0x66,0x1A,0x66,0x21,0x86,0x60,0x18,0xC6,0x21,0x8C,0x62,0x19,0x86,0x21,0xB0,0x3E,0x00,0x00,0x00,0x00,0x00}},
/*	佼	*/{0x4F7C, 20, 20, {0x06,0x18,0x00,0x40,0xC0,0x0C,0x08,0x00,0xBF,0xFE,0x18,0x00,0x03,0x86,0x30,0x38,0xC0,0x87,0x98,0x0C,0xDB,0x41,0x65,0xA6,0x32,0x18,0x23,0x01,0x83,0x60,0x18,0x16,0x01,0x81,0xC0,0x18,0x1C,0x01,0x83,0x70,0x18,0xE3,0xC1,0xB8,0x0E,0x00,0x00,0x00,0x00,0x00}},
/*	佽	*/{0x4F7D, 20, 20, {0x0C,0x08,0x00,0xE1,0x80,0x0B,0x10,0x01,0x99,0xFE,0x18,0xB0,0x43,0x8A,0x44,0x38,0x64,0xC7,0x84,0x48,0xD8,0x04,0x05,0x8C,0x40,0x18,0x86,0x01,0x98,0xE0,0x19,0x8A,0x01,0x91,0x90,0x1B,0x11,0x81,0xE3,0x08,0x18,0x60,0xC1,0x8C,0x06,0x00,0x00,0x00,0x00,0x00}},
/*	佾	*/{0x4F7E, 20, 20, {0x06,0x26,0x00,0x46,0x20,0x0C,0x43,0x00,0x8C,0x10,0x19,0x81,0x83,0x98,0x0C,0x3F,0xFF,0xEF,0xA8,0x1A,0x58,0x81,0x81,0x8F,0xF8,0x18,0x81,0x81,0x88,0x18,0x18,0xFF,0x81,0x88,0x18,0x18,0x81,0x81,0x88,0x18,0x18,0x89,0x81,0x88,0x78,0x00,0x00,0x00,0x00,0x00}},
/*	使	*/{0x4F7F, 20, 20, {0x06,0x08,0x00,0x40,0x80,0x0F,0xFF,0xE0,0x80,0x80,0x18,0x08,0x03,0x80,0x80,0x79,0xFF,0xEF,0x90,0x86,0x59,0x08,0x61,0x90,0x86,0x19,0xFF,0xE1,0x88,0x80,0x19,0x88,0x01,0x8D,0x80,0x18,0x70,0x01,0x87,0x80,0x18,0xEF,0x01,0xB8,0x1E,0x00,0x00,0x00,0x00,0x00}},
/*	侀	*/{0x4F80, 20, 20, {0x0C,0x00,0x60,0xBF,0x86,0x09,0x32,0x61,0x93,0x26,0x11,0x32,0x63,0x13,0x26,0x71,0x32,0x67,0x13,0x26,0x57,0xFA,0x61,0x13,0x26,0x11,0x32,0x61,0x13,0x26,0x11,0x32,0x61,0x13,0x06,0x13,0x30,0x61,0x33,0x06,0x12,0x30,0x61,0x63,0x3C,0x00,0x00,0x00,0x00,0x00}},
/*	侁	*/{0x4F81, 20, 20, {0x06,0xC8,0x00,0x4C,0x80,0x0C,0x88,0x00,0x9F,0xFC,0x19,0x88,0x03,0x90,0x80,0x7B,0x08,0x0F,0xA0,0x80,0x58,0x08,0x01,0xBF,0xFE,0x18,0x26,0x01,0x86,0x60,0x18,0x66,0x01,0x86,0x60,0x18,0xC6,0x21,0x8C,0x62,0x19,0x86,0x21,0xF0,0x3E,0x00,0x00,0x00,0x00,0x00}},
/*	侂	*/{0x4F82, 20, 20, {0x00,0x04,0x00,0xC0,0xC0,0x0C,0x04,0x00,0x9F,0xFE,0x19,0x00,0x01,0x10,0x08,0x31,0x0F,0xC3,0x17,0xC0,0x71,0x4C,0x05,0x10,0xC0,0x51,0x0C,0x01,0x10,0xFE,0x11,0xFF,0x81,0x30,0xC0,0x13,0x0C,0x01,0x30,0xC2,0x12,0x0C,0x21,0x60,0xC2,0x16,0x07,0xE0,0x00,0x00}},
/*	侃	*/{0x4F83, 20, 20, {0x07,0xFF,0xC0,0x58,0x0C,0x0D,0x80,0xC0,0x98,0x0C,0x19,0x80,0xC3,0x98,0x0C,0x39,0x80,0xCF,0x9F,0xFC,0x58,0x00,0x01,0x88,0x98,0x18,0x89,0x81,0x88,0x98,0x18,0x89,0x81,0x88,0x98,0x19,0x89,0xA1,0x98,0x9A,0x1B,0x09,0xA1,0xE0,0x8E,0x02,0x00,0x00,0x00,0x00}},
/*	侄	*/{0x4F84, 20, 20, {0x07,0xFF,0xE0,0x41,0x00,0x0C,0x31,0x00,0x86,0x30,0x18,0x41,0x83,0x8C,0x0C,0x3B,0xFF,0xC7,0x98,0x06,0x58,0x08,0x01,0x80,0x80,0x18,0x08,0x01,0x9F,0xFC,0x18,0x08,0x01,0x80,0x80,0x18,0x08,0x01,0x80,0x80,0x1B,0xFF,0xE1,0xBF,0xFE,0x00,0x00,0x00,0x00,0x00}},
/*	侅	*/{0x4F85, 20, 20, {0x06,0x0C,0x00,0x40,0xC0,0x0C,0x04,0x00,0x9F,0xFE,0x18,0x18,0x03,0x83,0x00,0x38,0x21,0x8F,0x86,0x30,0x58,0xFE,0x01,0x80,0xC6,0x18,0x18,0xC1,0x83,0x18,0x18,0xE3,0x01,0x98,0x60,0x18,0x1F,0x01,0x83,0x98,0x19,0xE0,0xC1,0xB8,0x06,0x00,0x00,0x00,0x00,0x00}},
/*	來	*/{0x4F86, 20, 20, {0x00,0x60,0x00,0x06,0x00,0x00,0x60,0x07,0xFF,0xFE,0x04,0x62,0x00,0x46,0x30,0x0C,0x62,0x00,0xC6,0x70,0x1E,0x67,0x81,0x36,0xCC,0x70,0xF8,0x62,0x1F,0x80,0x03,0x6C,0x00,0x66,0x60,0x0C,0x63,0x03,0x86,0x1C,0x70,0x60,0xE0,0x06,0x02,0x00,0x00,0x00,0x00,0x00}},
/*	侇	*/{0x4F87, 20, 20, {0x06,0x08,0x00,0x40,0x80,0x0D,0xFF,0xE0,0x80,0x80,0x18,0x08,0x03,0x9F,0xFC,0x38,0x08,0x47,0x80,0x84,0x58,0xFF,0xC1,0x98,0x80,0x19,0x88,0x01,0x9F,0xFE,0x18,0x18,0x61,0x81,0xD4,0x18,0x36,0xC1,0x86,0x30,0x19,0xC1,0x81,0xB8,0x0E,0x00,0x00,0x00,0x00,0x00}},
/*	侈	*/{0x4F88, 20, 20, {0x06,0x18,0x00,0x43,0x00,0x0C,0x7F,0xC0,0x8C,0x18,0x1B,0xA3,0x03,0x87,0x60,0x38,0x1C,0x0F,0x8F,0x60,0x5B,0x8C,0x05,0x81,0xFE,0x18,0x30,0x41,0x8C,0x0C,0x1B,0xB1,0x81,0x81,0xF0,0x18,0x06,0x01,0x81,0xC0,0x18,0x70,0x01,0xBC,0x00,0x00,0x00,0x00,0x00,0x00}},
/*	侉	*/{0x4F89, 20, 20, {0x06,0x18,0x00,0x43,0x00,0x0F,0xFF,0xE1,0x86,0x60,0x18,0x43,0x03,0x8C,0x18,0x39,0x80,0xCF,0xF7,0xF6,0x5A,0x00,0x21,0x80,0x00,0x1B,0xFF,0xC1,0x86,0x00,0x18,0x40,0x01,0x8F,0xF8,0x18,0x01,0x81,0x80,0x10,0x18,0x21,0x01,0x81,0xF0,0x00,0x00,0x00,0x00,0x00}},
/*	侊	*/{0x4F8A, 20, 20, {0x06,0x08,0x00,0x50,0x86,0x0D,0x88,0xC0,0x88,0x8C,0x18,0xC8,0x83,0x8C,0x98,0x78,0x89,0x0F,0x80,0x80,0x5B,0xFF,0xE1,0x86,0x60,0x18,0x66,0x01,0x86,0x60,0x18,0x46,0x01,0x84,0x62,0x18,0xC6,0x21,0x88,0x62,0x19,0x86,0x21,0xF0,0x3E,0x00,0x00,0x00,0x00,0x00}},
/*	例	*/{0x4F8B, 20, 20, {0x0F,0xF8,0x40,0xBF,0xA4,0x18,0x82,0x41,0x08,0x24,0x31,0x82,0x43,0x18,0xA4,0x71,0xF2,0x45,0x31,0x24,0x53,0x12,0x41,0x73,0x24,0x17,0xB2,0x41,0x0E,0x24,0x10,0x62,0x41,0x06,0x24,0x10,0xC0,0x41,0x08,0x04,0x11,0x80,0x41,0x30,0x3C,0x00,0x00,0x00,0x00,0x00}},
/*	侌	*/{0x4F8C, 20, 20, {0x00,0x40,0x00,0x06,0x00,0x01,0xF0,0x00,0x39,0xC0,0x0F,0xC7,0x07,0x83,0x1E,0x60,0x00,0x61,0xFF,0xF0,0x00,0x02,0x00,0x00,0x60,0x1F,0xFF,0x80,0x00,0x00,0x00,0x00,0x00,0x00,0x00,0x7F,0xFF,0xE0,0x30,0xC0,0x06,0x06,0x01,0xFF,0xF8,0x1F,0x80,0xC0,0x00,0x00}},
/*	侍	*/{0x4F8D, 20, 20, {0x06,0x08,0x00,0x40,0x80,0x0D,0xFF,0xC0,0x80,0x80,0x18,0x08,0x03,0x80,0x80,0x38,0x08,0x0F,0xBF,0xFE,0x58,0x01,0x01,0x80,0x10,0x1B,0xFF,0xE1,0x80,0x10,0x18,0xC1,0x01,0x86,0x10,0x18,0x61,0x01,0x83,0x10,0x18,0x01,0x01,0x80,0xF0,0x00,0x00,0x00,0x00,0x00}},
/*	侎	*/{0x4F8E, 20, 20, {0x06,0x08,0x00,0x50,0x8C,0x0D,0x88,0xC0,0x88,0x88,0x18,0xC9,0x83,0x8C,0xB0,0x78,0x08,0x0F,0xBF,0xFE,0x58,0x1C,0x01,0x83,0xE0,0x18,0x2A,0x01,0x86,0xB0,0x18,0xC9,0x01,0x88,0x98,0x19,0x88,0xC1,0xF0,0x86,0x1A,0x08,0x21,0x80,0x80,0x00,0x00,0x00,0x00,0x00}},
/*	侏	*/{0x4F8F, 20, 20, {0x06,0x48,0x00,0x4C,0x80,0x0C,0xC8,0x00,0x8F,0xFC,0x19,0x88,0x03,0x90,0x80,0x3B,0x08,0x07,0x80,0x80,0x5B,0xFF,0xE1,0x81,0xC0,0x18,0x3E,0x01,0x82,0xB0,0x18,0x69,0x01,0x8C,0x98,0x19,0x88,0xC1,0xF0,0x87,0x1A,0x08,0x21,0x80,0x80,0x00,0x00,0x00,0x00,0x00}},
/*	侐	*/{0x4F90, 20, 20, {0x06,0x18,0x00,0x41,0x80,0x0C,0x10,0x00,0x9F,0xFC,0x19,0x26,0x43,0x92,0x64,0x79,0x26,0x4F,0x92,0x64,0x59,0x26,0x41,0x92,0x64,0x19,0x26,0x41,0x92,0x64,0x19,0x26,0x41,0x92,0x64,0x19,0x26,0x41,0x92,0x64,0x19,0x26,0x41,0xFF,0xFE,0x00,0x00,0x00,0x00,0x00}},
/*	侑	*/{0x4F91, 20, 20, {0x06,0x18,0x00,0x41,0x00,0x0C,0x30,0x00,0xDF,0xFE,0x18,0x20,0x01,0x86,0x00,0x38,0x40,0x07,0x8F,0xFC,0x59,0xC0,0xC1,0xB4,0x0C,0x1A,0x7F,0xC1,0x84,0x0C,0x18,0x40,0xC1,0x87,0xFC,0x18,0x40,0xC1,0x84,0x0C,0x18,0x40,0xC1,0x84,0x3C,0x00,0x00,0x00,0x00,0x00}},
/*	侒	*/{0x4F92, 20, 20, {0x04,0x18,0x00,0xC0,0xC0,0x0D,0xFF,0xE0,0x90,0x06,0x19,0x18,0x61,0x91,0x06,0x38,0x30,0x07,0x83,0x00,0xDB,0xFF,0xE5,0x86,0x18,0x18,0x41,0x01,0x8C,0x30,0x19,0xE3,0x01,0x87,0xE0,0x18,0x1C,0x01,0x81,0xF0,0x18,0xF1,0xC1,0xBC,0x0E,0x00,0x00,0x00,0x00,0x00}},
/*	侓	*/{0x4F93, 20, 20, {0x06,0x18,0x00,0x41,0x80,0x0D,0xFF,0xC0,0x81,0x8C,0x18,0x18,0xC3,0xBF,0xFE,0x78,0x18,0xCF,0x81,0x8C,0x59,0xFF,0xC1,0x81,0x80,0x18,0x18,0x01,0xBF,0xFC,0x18,0x18,0x01,0x81,0x80,0x1B,0xFF,0xE1,0x81,0x80,0x18,0x18,0x01,0x81,0x80,0x00,0x00,0x00,0x00,0x00}},
/*	侔	*/{0x4F94, 20, 20, {0x00,0x10,0x00,0x61,0x80,0x04,0x33,0x00,0xC6,0x10,0x08,0xC1,0x81,0x9F,0xFC,0x18,0xE0,0x63,0x88,0xC0,0x78,0xCC,0x05,0x88,0xC0,0x19,0xFF,0xC1,0x90,0xC0,0x1B,0x0C,0x01,0x80,0xC0,0x1B,0xFF,0xE1,0x80,0xC0,0x18,0x0C,0x01,0x80,0xC0,0x18,0x0C,0x00,0x00,0xC0}},
/*	侕	*/{0x4F95, 20, 20, {0x04,0x00,0x00,0xFF,0xFE,0x08,0x18,0x01,0x81,0x00,0x10,0x10,0x03,0x03,0x00,0x31,0xFF,0xC7,0x13,0x24,0x51,0x32,0x41,0x13,0x24,0x11,0x32,0x41,0x13,0x24,0x11,0x32,0x41,0x13,0x24,0x11,0x32,0x41,0x13,0x24,0x11,0x32,0x41,0x13,0x2C,0x00,0x00,0x00,0x00,0x00}},
/*	侖	*/{0x4F96, 20, 20, {0x00,0x20,0x00,0x06,0x00,0x00,0xF0,0x00,0x19,0x80,0x03,0x0C,0x00,0x60,0x70,0x1C,0x03,0x83,0xBF,0xCE,0x60,0x00,0x60,0x00,0x00,0x1F,0xFF,0x81,0x19,0x88,0x11,0x98,0x81,0x19,0x88,0x1F,0xFF,0x81,0x19,0x88,0x11,0x98,0x81,0x19,0x88,0x11,0x9B,0x80,0x00,0x00}},
/*	侗	*/{0x4F97, 20, 20, {0x0D,0xFF,0xE0,0x9F,0xFE,0x09,0x00,0x61,0x90,0x06,0x11,0x7F,0x63,0x10,0x06,0x31,0x00,0x67,0x13,0xE6,0xD1,0x22,0x65,0x12,0x26,0x11,0x22,0x61,0x12,0x26,0x11,0x22,0x61,0x13,0xE6,0x11,0x20,0x61,0x10,0x06,0x11,0x02,0x41,0x10,0x1C,0x00,0x00,0x00,0x00,0x00}},
/*	侘	*/{0x4F98, 20, 20, {0x0C,0x18,0x00,0xC1,0x80,0x0B,0xFF,0xE1,0xB0,0x06,0x1B,0x00,0x63,0xB0,0x36,0x38,0x1E,0x07,0x9F,0x80,0x58,0x90,0x05,0x81,0x00,0x18,0x11,0xE1,0x87,0xFC,0x1B,0xF0,0x01,0x81,0x00,0x18,0x10,0x41,0x81,0x06,0x18,0x10,0x61,0x81,0xFC,0x00,0x00,0x00,0x00,0x00}},
/*	侙	*/{0x4F99, 20, 20, {0x06,0x02,0x80,0x40,0x24,0x0C,0x02,0x60,0x80,0x24,0x1B,0xFF,0xE3,0x80,0x20,0x78,0x02,0x0F,0x80,0x20,0x5B,0xFA,0x01,0x84,0x20,0x18,0x43,0x01,0x84,0x30,0x18,0x43,0x01,0x84,0x10,0x18,0x7D,0x21,0xBF,0x12,0x1A,0x01,0xA1,0x80,0x0E,0x00,0x00,0x00,0x00,0x00}},
/*	侚	*/{0x4F9A, 20, 20, {0x06,0x60,0x00,0x44,0x00,0x0C,0xC0,0x00,0x8F,0xFE,0x19,0x80,0x63,0x90,0x06,0x7B,0xFE,0x6F,0xE8,0x66,0x58,0x86,0x61,0x8F,0xE6,0x18,0x86,0x61,0x88,0x64,0x18,0x86,0x41,0x8F,0xE4,0x18,0x80,0x41,0x88,0x0C,0x18,0x08,0xC1,0x80,0x78,0x00,0x00,0x00,0x00,0x00}},
/*	供	*/{0x4F9B, 20, 20, {0x06,0x61,0x00,0x46,0x10,0x0C,0x61,0x00,0x86,0x10,0x19,0xFF,0xE3,0x86,0x10,0x38,0x61,0x0F,0x86,0x10,0x58,0x61,0x01,0x86,0x10,0x18,0x61,0x01,0xBF,0xFE,0x18,0x00,0x01,0x86,0x30,0x18,0x61,0x81,0x8C,0x08,0x19,0x80,0xC1,0xB0,0x06,0x00,0x00,0x00,0x00,0x00}},
/*	侜	*/{0x4F9C, 20, 20, {0x06,0x1C,0x00,0x41,0x00,0x0C,0xFF,0x80,0x88,0x08,0x18,0x90,0x83,0x89,0x88,0x38,0x8C,0x8F,0x88,0x48,0x58,0x80,0x81,0xBF,0xFE,0x18,0x80,0x81,0x89,0x88,0x18,0x88,0x81,0x88,0xC8,0x18,0x84,0x81,0x98,0x08,0x19,0x04,0x81,0xB0,0x38,0x00,0x00,0x00,0x00,0x00}},
/*	依	*/{0x4F9D, 20, 20, {0x06,0x18,0x00,0x40,0x80,0x0C,0x0C,0x00,0x80,0x00,0x1B,0xFF,0xE3,0x81,0x80,0x38,0x38,0x07,0x86,0x86,0x58,0xCC,0xE1,0x9C,0xD8,0x1B,0xC7,0x01,0xEC,0x60,0x18,0xC2,0x01,0x8C,0x30,0x18,0xC1,0x81,0x8C,0x8C,0x18,0xFC,0x61,0x9C,0x02,0x00,0x00,0x00,0x00,0x00}},
/*	侞	*/{0x4F9E, 20, 20, {0x0C,0x80,0x00,0x88,0x7C,0x08,0x84,0x41,0x98,0x44,0x17,0xF4,0x43,0x13,0x44,0x31,0x34,0x47,0x12,0x44,0x53,0x24,0x45,0x32,0x44,0x12,0x24,0x41,0x36,0x44,0x11,0xC4,0x41,0x0C,0x44,0x10,0xE4,0x41,0x1B,0x7C,0x13,0x14,0x41,0x60,0x44,0x00,0x00,0x00,0x00,0x00}},
/*	侟	*/{0x4F9F, 20, 20, {0x06,0x30,0x00,0xC3,0x00,0x0C,0x20,0x00,0xBF,0xFE,0x18,0x60,0x03,0x84,0x00,0x38,0xDF,0xC7,0x98,0x0C,0x59,0x81,0x81,0xB8,0x20,0x1E,0x82,0x01,0x8B,0xFE,0x18,0x82,0x01,0x88,0x20,0x18,0x82,0x01,0x88,0x20,0x18,0x82,0x01,0x88,0xE0,0x00,0x00,0x00,0x00,0x00}},
/*	侠	*/{0x4FA0, 20, 20, {0x06,0x08,0x00,0xC0,0x80,0x0C,0x08,0x00,0x9F,0xFE,0x18,0x08,0x03,0x98,0x8C,0x38,0x88,0x87,0x8C,0x98,0x58,0x49,0x01,0x80,0x80,0x1B,0xFF,0xE1,0x81,0xC0,0x18,0x1C,0x01,0x83,0x60,0x18,0x22,0x01,0x86,0x30,0x19,0xC1,0xC1,0xF0,0x06,0x00,0x00,0x00,0x00,0x00}},
/*	価	*/{0x4FA1, 20, 20, {0x04,0x00,0x00,0xC0,0x00,0x0B,0xFF,0xE1,0x82,0x20,0x18,0x22,0x03,0x82,0x20,0x79,0xFF,0xEF,0x92,0x26,0x59,0x22,0x61,0x92,0x26,0x19,0x22,0x61,0x92,0x26,0x19,0x22,0x61,0x92,0x26,0x19,0x22,0x61,0x9F,0xFE,0x19,0x00,0x61,0x90,0x06,0x00,0x00,0x00,0x00,0x00}},
/*	侢	*/{0x4FA2, 20, 20, {0x0D,0xFF,0xC0,0x80,0x80,0x08,0x08,0x01,0x9F,0xFC,0x11,0x88,0xC3,0x18,0x8C,0x31,0x88,0xC7,0x1F,0xFC,0x51,0x88,0xC5,0x18,0x8C,0x11,0x88,0xC1,0x3F,0xFE,0x11,0x80,0xC1,0x18,0x0C,0x11,0x80,0xC1,0x18,0x0C,0x11,0x83,0xC1,0x18,0x38,0x00,0x00,0x00,0x00,0x00}},
/*	侣	*/{0x4FA3, 20, 20, {0x04,0xFF,0x80,0xC8,0x08,0x08,0x80,0x81,0x88,0x08,0x18,0x80,0x83,0x8F,0xF8,0x38,0x00,0x07,0x80,0x00,0x58,0x00,0x05,0x9F,0xFC,0x19,0x00,0xC1,0x90,0x0C,0x19,0x00,0xC1,0x90,0x0C,0x19,0x00,0xC1,0x90,0x0C,0x19,0xFF,0xC1,0x90,0x0C,0x00,0x00,0x00,0x00,0x00}},
/*	侤	*/{0x4FA4, 20, 20, {0x06,0x18,0x00,0x41,0x86,0x0C,0xFF,0xC0,0x81,0x88,0x18,0x19,0x83,0x81,0xB0,0x39,0xFF,0xEF,0x80,0xC0,0x58,0x18,0x01,0x87,0xFC,0x19,0xF0,0x01,0xF2,0x00,0x18,0x7F,0xC1,0x80,0x08,0x18,0x00,0x81,0x80,0x08,0x18,0x01,0x81,0x80,0xF0,0x00,0x00,0x00,0x00,0x00}},
/*	侥	*/{0x4FA5, 20, 20, {0x06,0x60,0x00,0xC2,0x00,0x0C,0x3F,0xC1,0xBF,0xC0,0x18,0x10,0xC3,0x81,0xB0,0x38,0x0E,0x07,0x87,0xC2,0x5B,0xE7,0x61,0x90,0x3C,0x18,0x00,0x01,0xFF,0xFE,0x18,0x66,0x01,0x86,0x60,0x18,0x46,0x01,0x8C,0x62,0x19,0x86,0x21,0xF0,0x7E,0x00,0x00,0x00,0x00,0x00}},
/*	侦	*/{0x4FA6, 20, 20, {0x06,0x18,0x00,0x41,0x80,0x0C,0x1F,0xC0,0x81,0x80,0x18,0x18,0x03,0x81,0x80,0x39,0xFF,0xC7,0x98,0x0C,0x59,0x88,0xC1,0x98,0x8C,0x19,0x88,0xC1,0x98,0x8C,0x19,0x88,0xC1,0x99,0x8C,0x18,0x12,0x01,0x87,0x70,0x18,0xC1,0xC1,0xB8,0x06,0x00,0x00,0x00,0x00,0x00}},
/*	侧	*/{0x4FA7, 20, 20, {0x08,0x00,0x40,0xBF,0x84,0x1A,0x1A,0x41,0x21,0xA4,0x32,0x5A,0x43,0x25,0xA4,0x72,0x5A,0x45,0x25,0xA4,0x52,0x5A,0x41,0x25,0xA4,0x12,0x5A,0x41,0x25,0xA4,0x12,0x5A,0x41,0x29,0xA4,0x10,0xA0,0x41,0x1B,0x04,0x11,0x10,0x41,0x60,0x9C,0x00,0x00,0x00,0x00,0x00}},
/*	侨	*/{0x4FA8, 20, 20, {0x06,0x07,0x80,0x5F,0xF4,0x0C,0x18,0x00,0x81,0x80,0x18,0x10,0x03,0xBF,0xFE,0x38,0x26,0x0F,0x86,0x30,0x58,0xC1,0x81,0xB8,0x0C,0x1F,0x43,0x61,0x84,0x30,0x18,0x43,0x01,0x84,0x30,0x18,0xC3,0x01,0x88,0x30,0x19,0x83,0x01,0xB0,0x30,0x01,0x00,0x00,0x00,0x00}},
/*	侩	*/{0x4FA9, 20, 20, {0x00,0x10,0x00,0x61,0x80,0x04,0x18,0x00,0xC3,0x40,0x08,0x66,0x01,0x8C,0x38,0x39,0x81,0xC3,0xF0,0x06,0x7A,0xFF,0x25,0x80,0x00,0x18,0x00,0x01,0xBF,0xFC,0x18,0x30,0x01,0x86,0x00,0x18,0x43,0x01,0x8C,0x10,0x18,0x81,0x81,0xBF,0xFC,0x1B,0x00,0xC0,0x00,0x00}},
/*	侪	*/{0x4FAA, 20, 20, {0x0C,0x18,0x00,0xC0,0x80,0x0B,0xFF,0xE1,0x8C,0x10,0x10,0x63,0x03,0x02,0x60,0x70,0x3C,0x0F,0x01,0xC0,0x50,0xF7,0xC5,0x78,0x0E,0x10,0x41,0x01,0x04,0x10,0x10,0x41,0x01,0x04,0x10,0x10,0xC1,0x01,0x0C,0x10,0x11,0x81,0x01,0x70,0x10,0x00,0x00,0x00,0x00,0x00}},
/*	侫	*/{0x4FAB, 20, 20, {0x06,0x18,0x00,0x40,0x80,0x0F,0xFF,0xE0,0x88,0x00,0x18,0x80,0x03,0x88,0x00,0x78,0x80,0x0F,0x8F,0xFC,0x58,0x10,0x01,0x83,0x00,0x1B,0xFF,0xE1,0x86,0x18,0x18,0xC1,0x01,0x8E,0x30,0x18,0x3E,0x01,0x80,0xF0,0x18,0x7B,0x81,0xBC,0x0E,0x00,0x00,0x00,0x00,0x00}},
/*	侬	*/{0x4FAC, 20, 20, {0x04,0x0C,0x00,0xC0,0x80,0x08,0x18,0x01,0xBF,0xFE,0x1B,0x18,0x63,0xB3,0xC6,0x38,0x3C,0x07,0x86,0x40,0x58,0x44,0x65,0x8C,0x4C,0x19,0xC7,0x81,0xF4,0x20,0x1A,0x43,0x01,0x84,0x10,0x18,0x41,0x81,0x85,0xCC,0x18,0xF8,0x61,0x8C,0x02,0x00,0x00,0x00,0x00,0x00}},
/*	侭	*/{0x4FAD, 20, 20, {0x04,0xFF,0xC0,0xC8,0x0C,0x0C,0x80,0xC1,0x88,0x0C,0x18,0x80,0xC3,0x88,0x0C,0x39,0xFF,0xC7,0x98,0x60,0x59,0x82,0x01,0x96,0x30,0x19,0x39,0x81,0xB0,0xD8,0x1A,0x04,0xC1,0xE4,0x07,0x1C,0xF0,0x21,0x81,0x80,0x18,0x0E,0x01,0x80,0x20,0x00,0x00,0x00,0x00,0x00}},
/*	侮	*/{0x4FAE, 20, 20, {0x0C,0x40,0x00,0xCC,0x00,0x08,0xFF,0xE1,0x98,0x00,0x11,0x00,0x03,0x30,0x00,0x36,0xFF,0xC7,0x09,0x0C,0x50,0x8C,0xC5,0x08,0x4C,0x13,0xFF,0xE1,0x09,0x0C,0x11,0x88,0xC1,0x18,0x48,0x11,0xFF,0xE1,0x00,0x08,0x10,0x01,0x81,0x00,0xF0,0x00,0x00,0x00,0x00,0x00}},
/*	侯	*/{0x4FAF, 20, 20, {0x04,0xFF,0x00,0xC0,0x30,0x08,0x03,0x01,0x80,0x30,0x1B,0xFF,0xE3,0xBF,0xFE,0x38,0xC0,0x07,0x8C,0x00,0x59,0xFF,0xC5,0x91,0x80,0x1B,0x18,0x01,0x81,0x80,0x1B,0xFF,0xE1,0x81,0x80,0x18,0x3C,0x01,0x86,0x60,0x18,0xC3,0x81,0xF8,0x0E,0x00,0x00,0x00,0x00,0x00}},
/*	侰	*/{0x4FB0, 20, 20, {0x05,0xFF,0x80,0xC1,0x08,0x0C,0x10,0x81,0xBF,0xFE,0x18,0x10,0x83,0x83,0x08,0x39,0xFF,0x8F,0x9F,0xF8,0x58,0x60,0x01,0x84,0x00,0x18,0xFF,0xC1,0x8F,0xFC,0x19,0xC0,0xC1,0xF4,0x0C,0x1A,0x40,0xC1,0x84,0x0C,0x18,0x7F,0xC1,0x87,0xFC,0x00,0x00,0x00,0x00,0x00}},
/*	侱	*/{0x4FB1, 20, 20, {0x07,0xFF,0xC0,0x58,0x0C,0x0D,0x80,0xC0,0x98,0x0C,0x19,0x80,0xC3,0x9F,0xFC,0x38,0x00,0x0F,0x80,0x00,0x5B,0xFF,0xE1,0x80,0x80,0x18,0x08,0x01,0x80,0x80,0x19,0xFF,0xC1,0x80,0x80,0x18,0x08,0x01,0x80,0x80,0x1B,0xFF,0xE1,0xBF,0xFE,0x00,0x00,0x00,0x00,0x00}},
/*	侲	*/{0x4FB2, 20, 20, {0x06,0xFF,0xC0,0x48,0x00,0x0C,0x80,0x00,0x8B,0xFC,0x18,0xBF,0xC3,0x88,0x00,0x38,0x80,0x0F,0x88,0x00,0x58,0xFF,0xE1,0x9B,0x40,0x19,0xB2,0x41,0x9B,0x28,0x19,0xB3,0x01,0x9B,0x10,0x19,0x31,0x81,0x93,0x48,0x1B,0x3C,0xE1,0xB7,0x04,0x00,0x20,0x00,0x00,0x00}},
/*	侳	*/{0x4FB3, 20, 20, {0x04,0x18,0x00,0xC1,0x80,0x0C,0xD9,0x81,0x89,0x98,0x18,0x99,0x03,0x9D,0x98,0x39,0x5B,0xC7,0xB3,0xA6,0x5B,0x3E,0x21,0xE1,0xA2,0x18,0x18,0x01,0x9F,0xFC,0x18,0x18,0x01,0x81,0x80,0x18,0x18,0x01,0x81,0x80,0x18,0x18,0x01,0xBF,0xFE,0x00,0x00,0x00,0x00,0x00}},
/*	侴	*/{0x4FB4, 20, 20, {0x00,0x20,0x00,0x06,0x00,0x00,0xF0,0x00,0x19,0xC0,0x07,0x06,0x00,0xC0,0x38,0x3B,0xFC,0xE6,0x00,0x02,0x00,0x00,0xC3,0xFE,0xCC,0x04,0x4C,0xC0,0x44,0xCC,0x04,0x4C,0xC3,0xFC,0xCC,0x0C,0x4C,0xC0,0x8C,0xCC,0x08,0xC0,0xC0,0xFE,0x4C,0x7F,0x03,0x80,0x00,0x00}},
/*	侵	*/{0x4FB5, 20, 20, {0x06,0xFF,0x80,0x40,0x08,0x0C,0x00,0x80,0x8F,0xF8,0x18,0x00,0x83,0x80,0x08,0x38,0xFF,0x8F,0x80,0x00,0x5B,0xFF,0xE1,0xA0,0x02,0x1A,0x00,0x21,0x8F,0xF8,0x18,0x41,0x81,0x86,0x30,0x18,0x36,0x01,0x81,0xC0,0x18,0x77,0x01,0xBC,0x1E,0x00,0x00,0x00,0x00,0x00}},
/*	侶	*/{0x4FB6, 20, 20, {0x06,0xFF,0xC0,0x48,0x04,0x0C,0x80,0x40,0x88,0x04,0x18,0x80,0x43,0x88,0x04,0x38,0xFF,0xCF,0x80,0xC0,0x58,0x08,0x01,0x80,0x80,0x19,0xFF,0xE1,0x98,0x06,0x19,0x80,0x61,0x98,0x06,0x19,0x80,0x61,0x98,0x06,0x19,0xFF,0xE1,0x9F,0xFE,0x00,0x00,0x00,0x00,0x00}},
/*	侷	*/{0x4FB7, 20, 20, {0x07,0xFF,0xC0,0x58,0x04,0x0D,0x80,0x40,0x98,0x04,0x19,0xFF,0xC3,0x98,0x00,0x79,0x80,0x0F,0x9F,0xFE,0x59,0x80,0x61,0x98,0x06,0x19,0xBF,0x61,0x9A,0x36,0x19,0x23,0x61,0x92,0x36,0x19,0x3F,0x61,0xB2,0x06,0x1B,0x00,0x41,0xE0,0x3C,0x00,0x00,0x00,0x00,0x00}},
/*	侸	*/{0x4FB8, 20, 20, {0x07,0xFF,0xE0,0x40,0x00,0x0C,0x00,0x00,0x8F,0xFC,0x18,0xC0,0xC3,0x8C,0x0C,0x38,0xC0,0xCF,0x8C,0x0C,0x58,0xFF,0xC1,0x8F,0xFC,0x18,0x21,0x01,0x86,0x18,0x18,0x61,0x81,0x82,0x10,0x18,0x33,0x01,0x82,0x20,0x1B,0xFF,0xE1,0xBF,0xFE,0x00,0x00,0x00,0x00,0x00}},
/*	侹	*/{0x4FB9, 20, 20, {0x0F,0xE0,0xC0,0x84,0x7E,0x18,0xDF,0x01,0x88,0x30,0x11,0x83,0x03,0x18,0x30,0x33,0x03,0x07,0x3F,0xFE,0x50,0x43,0x05,0x04,0x30,0x12,0x43,0x01,0x2C,0x30,0x13,0x83,0x01,0x19,0xFE,0x11,0x80,0x01,0x1E,0x00,0x12,0x7F,0xE1,0x61,0xFE,0x00,0x00,0x00,0x00,0x00}},
/*	侺	*/{0x4FBA, 20, 20, {0x04,0x08,0x00,0xD0,0x84,0x09,0x08,0x41,0x9F,0xFC,0x18,0x08,0x03,0x81,0xC0,0x38,0x36,0x07,0x86,0x30,0x59,0xD1,0xC1,0xB0,0x87,0x1A,0x0C,0x01,0x80,0x00,0x19,0xFF,0xC1,0x80,0x18,0x18,0x01,0x01,0x80,0x30,0x18,0x06,0x01,0x80,0xC0,0x00,0x00,0x00,0x00,0x00}},
/*	侻	*/{0x4FBB, 20, 20, {0x06,0xC1,0x80,0x46,0x10,0x0C,0x23,0x00,0x82,0x20,0x18,0xFF,0x83,0x88,0x08,0x38,0x80,0x8F,0x88,0x08,0x58,0x80,0x81,0x8F,0xF8,0x18,0x26,0x01,0x82,0x60,0x18,0x66,0x01,0x86,0x60,0x18,0x46,0x41,0x8C,0x62,0x19,0x86,0x61,0xF0,0x3E,0x00,0x00,0x00,0x00,0x00}},
/*	侼	*/{0x4FBC, 20, 20, {0x06,0x08,0x00,0x40,0x80,0x0D,0xFF,0xE0,0x80,0x80,0x18,0x08,0x03,0x9F,0xFE,0x39,0x00,0x6F,0x90,0x06,0x58,0xFF,0x81,0x80,0x30,0x18,0x0C,0x01,0x80,0x80,0x1B,0xFF,0xE1,0x80,0x80,0x18,0x08,0x01,0x80,0x80,0x18,0x08,0x01,0x87,0x80,0x00,0x00,0x00,0x00,0x00}},
/*	侽	*/{0x4FBD, 20, 20, {0x07,0xFF,0xE0,0x58,0xC6,0x0D,0x8C,0x60,0x98,0xC6,0x19,0xFF,0xE3,0x98,0xC6,0x79,0x8C,0x6F,0x98,0xC6,0x59,0xFF,0xE1,0x80,0x80,0x18,0x08,0x01,0x9F,0xFE,0x18,0x18,0x61,0x81,0x06,0x18,0x30,0x61,0x86,0x04,0x18,0xE0,0x41,0xB8,0x3C,0x00,0x00,0x00,0x00,0x00}},
/*	侾	*/{0x4FBE, 20, 20, {0x06,0x10,0x00,0x41,0x06,0x0D,0xFF,0xC0,0x81,0x08,0x18,0x11,0x83,0x81,0x30,0x7B,0xFF,0xEF,0x80,0xC0,0x58,0x18,0x01,0x87,0xF8,0x18,0xE1,0x01,0xB8,0x60,0x1F,0x04,0x01,0x9F,0xFE,0x18,0x04,0x01,0x80,0x40,0x18,0x04,0x01,0x83,0xC0,0x00,0x00,0x00,0x00,0x00}},
/*	便	*/{0x4FBF, 20, 20, {0x07,0xFF,0xE0,0xDF,0xFE,0x0C,0x0C,0x00,0x80,0xC0,0x19,0xFF,0xC3,0x98,0xC4,0x39,0x8C,0x47,0x98,0xC4,0x59,0xFF,0xC1,0x98,0xC4,0x19,0x88,0x41,0x9F,0xFC,0x19,0x08,0x01,0x99,0x80,0x18,0xD0,0x01,0x87,0x00,0x18,0xFF,0x01,0xF8,0x3E,0x00,0x00,0x00,0x00,0x00}},
/*	俀	*/{0x4FC0, 20, 20, {0x06,0x03,0xC0,0x5F,0xF0,0x0D,0x00,0x80,0x99,0x8C,0x18,0x88,0x83,0x8C,0xD8,0x38,0x59,0x07,0x81,0x00,0x58,0x30,0x01,0xBF,0xFE,0x18,0x21,0x81,0x86,0x10,0x18,0x43,0x01,0x8F,0x20,0x18,0x1E,0x01,0x81,0xF0,0x18,0x71,0x81,0xBC,0x0C,0x00,0x00,0x00,0x00,0x00}},
/*	俁	*/{0x4FC1, 20, 20, {0x06,0x3F,0xC0,0x5B,0x0C,0x0D,0xB0,0xC0,0x9B,0x0C,0x19,0xBF,0xC3,0x98,0x00,0x79,0x80,0x0F,0x9F,0xFC,0x58,0x08,0xC1,0x81,0x8C,0x18,0x18,0xC1,0x81,0x8C,0x1B,0xFF,0xE1,0x81,0x40,0x18,0x36,0x01,0x86,0x30,0x18,0xC1,0x81,0xB8,0x0F,0x00,0x00,0x00,0x00,0x00}},
/*	係	*/{0x4FC2, 20, 20, {0x04,0x00,0x80,0xEF,0xFC,0x0D,0xF8,0x00,0x83,0x10,0x18,0x63,0x83,0x8C,0x60,0x39,0xFC,0x07,0x81,0x98,0x58,0x20,0x81,0x8D,0xFC,0x1B,0xF8,0x61,0x80,0x82,0x18,0xC9,0x01,0x88,0x88,0x19,0x88,0xC1,0xB0,0x86,0x1E,0x08,0x21,0x83,0x80,0x00,0x00,0x00,0x00,0x00}},
/*	促	*/{0x4FC3, 20, 20, {0x0C,0xFF,0xC0,0xC8,0x0C,0x08,0x80,0xC1,0x88,0x0C,0x18,0x80,0xC3,0x88,0x0C,0x78,0xFF,0xC7,0x80,0x80,0xD8,0x08,0x05,0x88,0x80,0x18,0x88,0x01,0x88,0xFC,0x19,0x88,0x01,0x9C,0x80,0x19,0x48,0x01,0x97,0x80,0x1B,0x3F,0xE1,0xE0,0xFE,0x00,0x00,0x00,0x00,0x00}},
/*	俄	*/{0x4FC4, 20, 20, {0x0C,0x16,0x80,0xCF,0xE8,0x0F,0xC6,0x41,0x84,0x66,0x10,0x46,0x43,0x04,0x60,0x37,0xFF,0xE7,0x04,0x60,0xD0,0x46,0x65,0x04,0x24,0x10,0x7A,0xC1,0x3E,0x28,0x17,0x43,0x01,0x04,0x30,0x10,0x47,0x21,0x04,0xD2,0x10,0x59,0xA1,0x3D,0x0E,0x00,0x00,0x00,0x00,0x00}},
/*	俅	*/{0x4FC5, 20, 20, {0x06,0x09,0x00,0x40,0x88,0x0C,0x08,0x40,0x80,0x80,0x19,0xFF,0xE3,0x80,0x80,0x39,0x08,0x4F,0x98,0xCC,0x58,0xCD,0x81,0x86,0xF0,0x18,0x0E,0x01,0x83,0xA0,0x18,0x6B,0x01,0x8C,0x98,0x1B,0x88,0xC1,0xB0,0x86,0x18,0x08,0x21,0x87,0x80,0x00,0x00,0x00,0x00,0x00}},
/*	俆	*/{0x4FC6, 20, 20, {0x00,0x08,0x00,0x60,0xC0,0x04,0x1C,0x00,0xC3,0x60,0x08,0x63,0x01,0x8C,0x1C,0x3B,0x80,0xE3,0xAF,0xFA,0x78,0x08,0x05,0x80,0x80,0x18,0x08,0x01,0xBF,0xFE,0x18,0x08,0x01,0x88,0x90,0x18,0xC9,0x81,0x98,0x8C,0x19,0x08,0x41,0xB0,0x86,0x18,0x78,0x00,0x00,0x00}},
/*	俇	*/{0x4FC7, 20, 20, {0x0F,0x3F,0xE0,0x96,0x30,0x09,0xC3,0x01,0x98,0x30,0x11,0xC3,0x03,0x34,0x30,0x36,0x43,0x07,0x05,0xFE,0x50,0xC3,0x05,0x1E,0x30,0x11,0x63,0x01,0x36,0x30,0x16,0x43,0x01,0x04,0x30,0x10,0x43,0x01,0x05,0xFE,0x12,0xDF,0xE1,0x18,0x00,0x00,0x00,0x00,0x00,0x00}},
/*	俈	*/{0x4FC8, 20, 20, {0x06,0x0C,0x00,0x4C,0xC0,0x0C,0xCC,0x00,0x8F,0xFE,0x19,0x8C,0x03,0x98,0xC0,0x7B,0x0C,0x0F,0x90,0xC0,0x5B,0xFF,0xE1,0xBF,0xFE,0x18,0x00,0x01,0x80,0x00,0x18,0xFF,0xC1,0x88,0x04,0x18,0x80,0x41,0x88,0x04,0x18,0x80,0x41,0x8F,0xFC,0x00,0x00,0x00,0x00,0x00}},
/*	俉	*/{0x4FC9, 20, 20, {0x07,0xFF,0xC0,0x41,0x00,0x0C,0x10,0x00,0x81,0x00,0x18,0xFF,0x83,0x83,0x18,0x38,0x21,0x8F,0x82,0x18,0x5B,0xFF,0xE1,0xBF,0xFE,0x18,0x00,0x01,0x80,0x00,0x18,0xFF,0xC1,0x88,0x0C,0x18,0x80,0xC1,0x88,0x0C,0x18,0x80,0xC1,0x8F,0xFC,0x00,0x00,0x00,0x00,0x00}},
/*	俊	*/{0x4FCA, 20, 20, {0x06,0x32,0x00,0x46,0x30,0x0C,0xC1,0x80,0x9B,0xF8,0x19,0xFE,0xC3,0x84,0x24,0x38,0x63,0x07,0x9C,0x18,0x5B,0x30,0x61,0xA2,0x04,0x18,0x7F,0x81,0x8C,0x18,0x19,0xE3,0x01,0xB2,0x60,0x18,0x1C,0x01,0x83,0xC0,0x18,0xF7,0x81,0xF8,0x1E,0x00,0x00,0x00,0x00,0x00}},
/*	俋	*/{0x4FCB, 20, 20, {0x07,0xFF,0x80,0x58,0x08,0x0D,0x80,0x80,0x98,0x08,0x19,0xFF,0x83,0x80,0x00,0x78,0x00,0x0F,0x9F,0xFC,0x59,0x08,0x41,0x90,0x84,0x19,0x08,0x41,0x9F,0xFC,0x19,0x00,0x41,0x90,0x00,0x19,0x00,0x21,0x90,0x02,0x19,0xFF,0xE1,0x8F,0xFC,0x00,0x00,0x00,0x00,0x00}},
/*	俌	*/{0x4FCC, 20, 20, {0x06,0x0F,0x80,0x40,0xCC,0x0C,0x0C,0x00,0xBF,0xFE,0x18,0x0C,0x03,0x80,0xC0,0x79,0xFF,0xCF,0x98,0xC4,0x59,0x8C,0x41,0x9F,0xFC,0x19,0x8C,0x41,0x98,0xC4,0x19,0xFF,0xC1,0x9F,0xFC,0x19,0x8C,0x41,0x98,0xC4,0x19,0x8C,0x41,0x98,0xDC,0x00,0x00,0x00,0x00,0x00}},
/*	俍	*/{0x4FCD, 20, 20, {0x06,0x18,0x00,0x40,0x80,0x0D,0xFF,0x80,0x98,0x08,0x19,0x80,0x83,0x98,0x08,0x39,0xFF,0x8F,0x98,0x08,0x59,0x80,0x81,0x9F,0xF8,0x19,0x88,0x01,0x98,0x8C,0x19,0x8D,0x81,0x98,0x70,0x19,0x86,0x01,0x98,0xB0,0x19,0xF9,0xC1,0x9C,0x0E,0x01,0x00,0x00,0x00,0x00}},
/*	俎	*/{0x4FCE, 20, 18, {0x04,0x3F,0xC0,0x43,0xFC,0x0C,0x20,0xC0,0x82,0x0C,0x1E,0x20,0xC1,0x32,0x0C,0x31,0xBF,0xC6,0x0A,0x0C,0x44,0x20,0xC0,0xC2,0x0C,0x0C,0x20,0xC0,0x83,0xFC,0x1C,0x20,0xC1,0xF2,0x0C,0x31,0xA0,0xC6,0x12,0x0C,0xE0,0xFF,0xE4,0x0F,0xFE}},
/*	俏	*/{0x4FCF, 20, 20, {0x06,0x8C,0x60,0x58,0xC4,0x0C,0xCC,0xC0,0x84,0xC8,0x18,0x4D,0x83,0x80,0xC0,0x38,0xFF,0xC7,0x88,0x04,0x58,0x80,0x41,0x8F,0xFC,0x18,0x80,0x41,0x88,0x04,0x18,0xFF,0xC1,0x88,0x04,0x18,0x80,0x41,0x88,0x04,0x18,0x83,0xC1,0x88,0x3C,0x00,0x00,0x00,0x00,0x00}},
/*	俐	*/{0x4FD0, 20, 20, {0x0C,0x10,0x40,0xCF,0x84,0x0B,0xC2,0x41,0x84,0x24,0x10,0x42,0x43,0x04,0x24,0x37,0xFA,0x47,0x0C,0x24,0x50,0xE2,0x41,0x0E,0x24,0x11,0x52,0x41,0x15,0xA4,0x13,0x4A,0x41,0x64,0x24,0x14,0x40,0x41,0x44,0x04,0x10,0x42,0x41,0x04,0x1C,0x00,0x00,0x00,0x00,0x00}},
/*	俑	*/{0x4FD1, 20, 20, {0x05,0xFF,0xC0,0xC0,0x18,0x08,0x63,0x01,0x83,0xC0,0x18,0x0E,0x03,0x9F,0xFC,0x39,0x08,0x47,0x90,0x84,0xD9,0xFF,0xC5,0x90,0x84,0x19,0x08,0x41,0x90,0x84,0x19,0x08,0x41,0x9F,0xFC,0x19,0x08,0x41,0x90,0x84,0x19,0x08,0x41,0x90,0x9C,0x00,0x00,0x00,0x00,0x00}},
/*	俒	*/{0x4FD2, 20, 20, {0x06,0x18,0x00,0x40,0xC0,0x0D,0xFF,0xE0,0x98,0x06,0x19,0x80,0x63,0x98,0x06,0x38,0x00,0x07,0x8F,0xFC,0x58,0x00,0x01,0x80,0x00,0x19,0xFF,0xE1,0x83,0x20,0x18,0x32,0x01,0x82,0x20,0x18,0x22,0x21,0x86,0x22,0x18,0xC2,0x21,0xB8,0x3E,0x00,0x00,0x00,0x00,0x00}},
/*	俓	*/{0x4FD3, 20, 20, {0x07,0xFF,0xE0,0x40,0x00,0x0C,0x44,0x40,0x8C,0xC8,0x18,0x99,0x83,0x99,0x30,0x79,0xB1,0x0F,0x88,0x98,0x58,0xCC,0xC1,0x86,0x46,0x18,0x00,0x01,0x9F,0xFC,0x18,0x0C,0x01,0x80,0xC0,0x18,0x0C,0x01,0x80,0xC0,0x1B,0xFF,0xE1,0xBF,0xFE,0x00,0x00,0x00,0x00,0x00}},
/*	俔	*/{0x4FD4, 20, 20, {0x06,0xFF,0xC0,0x48,0x0C,0x0C,0x80,0xC0,0x8F,0xFC,0x18,0x80,0xC3,0x88,0x0C,0x38,0xFF,0xCF,0x88,0x0C,0x58,0x80,0xC1,0x88,0x0C,0x18,0xFF,0xC1,0x82,0x20,0x18,0x22,0x01,0x86,0x22,0x18,0x62,0x21,0x8C,0x22,0x19,0x83,0xE1,0xB0,0x3E,0x02,0x00,0x00,0x00,0x00}},
/*	俕	*/{0x4FD5, 20, 20, {0x06,0x18,0x00,0xC0,0x80,0x0F,0xFF,0xC0,0xB0,0x04,0x1B,0x18,0x43,0xB1,0x84,0x38,0x18,0x07,0x81,0x80,0x5B,0xFF,0xE1,0x81,0xC0,0x18,0x3C,0x01,0x83,0xE0,0x18,0x7B,0x01,0x8D,0x90,0x19,0x99,0xC1,0xB1,0x8E,0x1E,0x18,0x61,0x81,0x80,0x00,0x00,0x00,0x00,0x00}},
/*	俖	*/{0x4FD6, 20, 20, {0x06,0x00,0x00,0x5F,0xFE,0x0C,0x06,0x00,0x80,0xC0,0x18,0x1E,0x01,0x83,0xF0,0x38,0x69,0x86,0x9C,0x8C,0x4B,0x88,0x64,0xA0,0x80,0x08,0x08,0x00,0x8F,0xFC,0x08,0xFF,0xC0,0x88,0x0C,0x08,0x80,0xC0,0x88,0x0C,0x08,0x80,0xC0,0x8F,0xFC,0x00,0x00,0x00,0x00,0x00}},
/*	俗	*/{0x4FD7, 20, 20, {0x06,0x26,0x00,0xC6,0x30,0x0C,0xC1,0x80,0x98,0x8C,0x1B,0x18,0x63,0x91,0xC0,0x38,0x34,0x0F,0x86,0x60,0x58,0xC3,0x01,0x98,0x1C,0x1F,0x00,0x61,0xAF,0xFA,0x18,0x81,0x81,0x88,0x18,0x18,0x81,0x81,0x88,0x18,0x18,0x81,0x81,0x8F,0xF8,0x00,0x00,0x00,0x00,0x00}},
/*	俘	*/{0x4FD8, 20, 20, {0x04,0x0F,0xC0,0xDF,0xE0,0x0C,0x08,0xC1,0x99,0x88,0x18,0xC9,0x83,0x8C,0x90,0x38,0x00,0x07,0x9F,0xF8,0x58,0x03,0x01,0x80,0x60,0x18,0x0C,0x01,0x80,0x80,0x1B,0xFF,0xE1,0x80,0x80,0x18,0x08,0x01,0x80,0x80,0x18,0x08,0x01,0x83,0x80,0x00,0x00,0x00,0x00,0x00}},
/*	俙	*/{0x4FD9, 20, 20, {0x04,0xC1,0xC0,0xC7,0x30,0x0C,0x1E,0x01,0x83,0xF0,0x19,0xE1,0xC3,0x91,0x80,0x38,0x10,0x07,0xBF,0xFE,0x58,0x60,0x01,0x84,0x40,0x18,0xC4,0x01,0x9F,0xFC,0x1F,0x44,0x41,0xA4,0x44,0x18,0x44,0x41,0x84,0x44,0x18,0x45,0xC1,0x80,0x40,0x00,0x00,0x00,0x00,0x00}},
/*	俚	*/{0x4FDA, 20, 20, {0x07,0xFF,0xC0,0x58,0x84,0x0D,0x88,0x40,0x98,0x84,0x19,0xFF,0xC3,0x98,0x84,0x39,0x88,0x47,0x98,0x84,0x59,0xFF,0xC1,0x80,0x80,0x18,0x08,0x01,0x80,0x80,0x19,0xFF,0xC1,0x80,0x80,0x18,0x08,0x01,0x80,0x80,0x1B,0xFF,0xE1,0xBF,0xFE,0x00,0x00,0x00,0x00,0x00}},
/*	俛	*/{0x4FDB, 20, 20, {0x06,0x30,0x00,0x46,0x00,0x0C,0x7F,0x00,0x8C,0x20,0x19,0x86,0x03,0xBF,0xFE,0x7F,0x8C,0x6F,0x98,0x86,0x59,0x88,0x61,0x98,0x86,0x19,0xFF,0xE1,0x81,0xC0,0x18,0x14,0x01,0x83,0x40,0x18,0x24,0x21,0x86,0x42,0x19,0xC6,0x21,0xF0,0x7E,0x00,0x00,0x00,0x00,0x00}},
/*	俜	*/{0x4FDC, 20, 20, {0x06,0x08,0x00,0x5F,0xFC,0x0D,0x88,0x40,0x98,0x84,0x19,0xFF,0xC3,0x98,0x84,0x39,0x88,0x47,0x9F,0xFC,0x58,0x00,0x01,0xBF,0xFE,0x18,0x40,0x01,0x84,0x00,0x18,0xFF,0xC1,0x80,0x0C,0x18,0x00,0x81,0x80,0x08,0x18,0x09,0x81,0x80,0xF0,0x00,0x00,0x00,0x00,0x00}},
/*	保	*/{0x4FDD, 20, 20, {0x06,0xFF,0xC0,0x48,0x0C,0x0C,0x80,0xC0,0x88,0x0C,0x18,0x80,0xC3,0x8F,0xFC,0x38,0x08,0x0F,0x80,0x80,0x58,0x08,0x01,0x80,0x80,0x1B,0xFF,0xE1,0x81,0xE0,0x18,0x3A,0x01,0x86,0xB0,0x18,0xC9,0x81,0x98,0x8C,0x1B,0x08,0x71,0x80,0x82,0x00,0x00,0x00,0x00,0x00}},
/*	俞	*/{0x4FDE, 20, 20, {0x00,0x20,0x00,0x06,0x00,0x00,0xF0,0x00,0x19,0x80,0x07,0x0E,0x01,0xC0,0x38,0x7F,0xFC,0xE4,0x00,0x02,0x00,0x00,0x01,0xFC,0x88,0x10,0xC8,0x81,0x0C,0x88,0x1F,0xC8,0x81,0x0C,0x88,0x10,0xC8,0x81,0xFC,0x88,0x10,0xC0,0x81,0x0C,0x48,0x11,0xC3,0x80,0x00,0x00}},
/*	俟	*/{0x4FDF, 20, 20, {0x06,0x18,0x00,0x43,0x30,0x0C,0x61,0x80,0x8C,0x18,0x19,0xFF,0xC3,0x98,0x04,0x38,0xC0,0x07,0x8C,0x00,0x58,0xFF,0xC1,0x98,0x80,0x1B,0x08,0x01,0x80,0x80,0x1B,0xFF,0xE1,0x81,0xC0,0x18,0x34,0x01,0x87,0x70,0x18,0xC3,0x81,0xB8,0x0E,0x00,0x00,0x00,0x00,0x00}},
/*	俠	*/{0x4FE0, 20, 20, {0x06,0x08,0x00,0x40,0x80,0x0C,0x08,0x00,0xBF,0xFE,0x18,0x08,0x03,0x8C,0x88,0x78,0x89,0x8F,0x88,0x98,0x59,0xC9,0x81,0x94,0xBC,0x1B,0x3A,0x61,0xE1,0xE2,0x18,0x14,0x01,0x83,0x60,0x18,0x63,0x01,0x8C,0x38,0x19,0x81,0xC1,0xF0,0x06,0x00,0x00,0x00,0x00,0x00}},
/*	信	*/{0x4FE1, 20, 20, {0x04,0x18,0x00,0xC0,0x80,0x0C,0x0C,0x00,0xBF,0xFE,0x18,0x00,0x03,0x80,0x00,0x38,0xFF,0x87,0x80,0x00,0x58,0x00,0x01,0x8F,0xF8,0x18,0x00,0x01,0x80,0x00,0x19,0xFF,0xC1,0x98,0x0C,0x19,0x80,0xC1,0x98,0x0C,0x19,0x80,0xC1,0x9F,0xFC,0x00,0x00,0x00,0x00,0x00}},
/*	俢	*/{0x4FE2, 20, 20, {0x06,0x60,0x00,0x44,0x00,0x0C,0xFF,0xE0,0x9C,0x10,0x1B,0x63,0x03,0xA3,0x60,0x78,0x1C,0x0F,0x83,0x70,0x59,0xE1,0xE1,0xB0,0xC2,0x18,0x38,0x01,0x9E,0x30,0x18,0x0E,0x01,0x83,0x86,0x18,0xE1,0xC1,0x80,0x70,0x18,0x3C,0x01,0xBE,0x00,0x00,0x00,0x00,0x00,0x00}},
/*	俣	*/{0x4FE3, 20, 20, {0x07,0xFF,0xC0,0x58,0x0C,0x0D,0x80,0xC0,0x98,0x0C,0x19,0x80,0xC3,0x9F,0xFC,0x38,0x00,0x07,0x80,0x00,0x59,0xFF,0xC1,0x9F,0xFC,0x18,0x08,0x01,0x80,0x80,0x1B,0xFF,0xE1,0x81,0xC0,0x18,0x34,0x01,0x87,0x30,0x18,0xE1,0x81,0xF8,0x0E,0x00,0x00,0x00,0x00,0x00}},
/*	俤	*/{0x4FE4, 20, 20, {0x0C,0xC1,0x80,0xC6,0x10,0x08,0x23,0x01,0x9F,0xFC,0x18,0x08,0x43,0x80,0x84,0x38,0x08,0x47,0x8F,0xFC,0xD9,0x88,0x05,0x98,0x80,0x19,0xFF,0xE1,0x81,0x86,0x18,0x38,0x61,0x86,0x84,0x18,0xC8,0x41,0x98,0xBC,0x1F,0x08,0x01,0xA0,0x80,0x00,0x00,0x00,0x00,0x00}},
/*	俥	*/{0x4FE5, 20, 20, {0x06,0x08,0x00,0x40,0x80,0x0F,0xFF,0xE0,0x80,0x80,0x18,0x08,0x03,0x9F,0xFC,0x79,0x88,0x4F,0x98,0x84,0x59,0xFF,0xC1,0x98,0x84,0x19,0x88,0x41,0x9F,0xFC,0x18,0x08,0x01,0x80,0x80,0x1B,0xFF,0xE1,0x80,0x80,0x18,0x08,0x01,0x80,0x80,0x00,0x00,0x00,0x00,0x00}},
/*	俦	*/{0x4FE6, 20, 20, {0x06,0x18,0x00,0xC1,0x80,0x0D,0xFF,0xE0,0x81,0x00,0x18,0x10,0x03,0x9F,0xFC,0x38,0x30,0x07,0x83,0x00,0x5B,0xFF,0xE1,0x82,0x08,0x18,0x60,0x81,0x87,0xFE,0x18,0xC0,0x81,0x9B,0x08,0x1B,0x18,0x81,0xF0,0xC8,0x1A,0x00,0x81,0x80,0x78,0x00,0x00,0x00,0x00,0x00}},
/*	俧	*/{0x4FE7, 20, 20, {0x04,0x18,0x00,0xC1,0x80,0x08,0x18,0x01,0xBF,0xFE,0x18,0x18,0x03,0x81,0x80,0x38,0x18,0x07,0x9F,0xFC,0x58,0x00,0x05,0x83,0x00,0x18,0x18,0x01,0x94,0xC8,0x19,0x44,0xC1,0xB4,0x04,0x1B,0x41,0x61,0xE4,0x12,0x1A,0x43,0x41,0x87,0xE0,0x00,0x00,0x00,0x00,0x00}},
/*	俨	*/{0x4FE8, 20, 20, {0x07,0xFF,0xE0,0x43,0x20,0x0D,0x32,0x40,0x9B,0x24,0x18,0xB2,0xC3,0x8F,0x28,0x38,0xB2,0x8F,0x83,0x20,0x59,0xFF,0xE1,0x90,0x00,0x19,0x00,0x01,0x90,0x00,0x19,0x00,0x01,0x90,0x00,0x1B,0x00,0x01,0xB0,0x00,0x1A,0x00,0x01,0xE0,0x00,0x00,0x00,0x00,0x00,0x00}},
/*	俩	*/{0x4FE9, 20, 20, {0x0C,0x00,0x00,0xBF,0xFE,0x18,0x22,0x01,0x82,0x20,0x10,0x22,0x03,0x3F,0xFC,0x33,0x22,0x47,0x32,0x64,0x53,0x26,0x45,0x32,0x64,0x13,0x77,0x41,0x37,0xD4,0x13,0x4D,0xC1,0x3C,0x8C,0x13,0x98,0x41,0x30,0x04,0x13,0x02,0x41,0x30,0x1C,0x00,0x00,0x00,0x00,0x00}},
/*	俪	*/{0x4FEA, 20, 20, {0x0C,0x00,0x00,0xBF,0xFE,0x18,0x00,0x01,0x80,0x00,0x10,0x00,0x03,0x3F,0x7C,0x33,0x34,0x47,0x33,0x44,0x53,0x34,0x45,0x3B,0x74,0x13,0xB5,0x41,0x37,0x54,0x13,0x74,0xC1,0x33,0x44,0x13,0x34,0x41,0x33,0x44,0x13,0x34,0x41,0x36,0x5C,0x00,0x00,0x00,0x00,0x00}},
/*	俫	*/{0x4FEB, 20, 20, {0x06,0x08,0x00,0xC0,0x80,0x0D,0xFF,0xC1,0x80,0x80,0x19,0x88,0x83,0x88,0x98,0x78,0xC9,0x0F,0x8C,0xB0,0x58,0x09,0x01,0xBF,0xFE,0x18,0x1C,0x01,0x83,0xE0,0x18,0x6B,0x01,0x8C,0x98,0x19,0x88,0xC1,0xB0,0x86,0x1A,0x08,0x21,0x80,0x80,0x00,0x00,0x00,0x00,0x00}},
/*	俬	*/{0x4FEC, 20, 20, {0x0C,0x33,0x00,0x8F,0x30,0x1B,0xC3,0x01,0x8C,0x20,0x10,0xC2,0x03,0x0C,0x20,0x77,0xF2,0x05,0x0C,0x60,0x50,0xC6,0x01,0x1E,0x58,0x11,0xF4,0x81,0x2D,0xCC,0x16,0xCC,0x41,0x4C,0x84,0x10,0xC8,0x41,0x0D,0xFE,0x10,0xDF,0x21,0x0C,0x02,0x00,0x00,0x00,0x00,0x00}},
/*	俭	*/{0x4FED, 20, 20, {0x00,0x10,0x00,0x41,0x80,0x0C,0x38,0x00,0x82,0xC0,0x18,0x66,0x01,0x0C,0x38,0x33,0x80,0xC3,0x7F,0xF6,0x74,0x00,0x25,0x00,0x00,0x51,0x18,0xC1,0x19,0x88,0x10,0x89,0x81,0x08,0x98,0x10,0x89,0x01,0x0C,0x30,0x10,0x02,0x01,0x00,0x60,0x13,0xFF,0xE0,0x00,0x00}},
/*	修	*/{0x4FEE, 20, 20, {0x0C,0x18,0x00,0xC3,0x00,0x08,0x3F,0xE1,0x86,0x0C,0x10,0xD1,0x83,0x39,0xB0,0x32,0x06,0x07,0x21,0xF8,0xD3,0xF0,0xE5,0x28,0x60,0x12,0x1C,0x01,0x27,0x18,0x12,0x03,0x01,0x21,0xC6,0x12,0x70,0xC1,0x00,0x38,0x10,0x1E,0x01,0x0F,0x80,0x00,0x00,0x00,0x00,0x00}},
/*	俯	*/{0x4FEF, 20, 20, {0x00,0x18,0x00,0xC0,0x80,0x08,0x0C,0x00,0xBF,0xFE,0x1B,0x20,0x01,0x33,0x08,0x33,0x20,0x83,0x32,0x08,0x73,0x6F,0xE5,0x36,0x08,0x53,0xE4,0x81,0x3A,0xC8,0x12,0x24,0x81,0x22,0x68,0x12,0x22,0x81,0x22,0x08,0x12,0x20,0x81,0x62,0x08,0x14,0x23,0x80,0x00,0x00}},
/*	俰	*/{0x4FF0, 20, 20, {0x0C,0x10,0x00,0xDF,0xFE,0x0B,0xC4,0x61,0x8C,0x46,0x10,0xC4,0x63,0x0C,0x46,0x77,0xFC,0x67,0x0C,0x46,0xD0,0xC4,0x65,0x1E,0x46,0x11,0xF4,0x61,0x3D,0xC6,0x12,0xD4,0x61,0x6C,0x46,0x14,0xC4,0x61,0x0C,0x7E,0x10,0xC4,0x61,0x0C,0x46,0x00,0x00,0x00,0x00,0x00}},
/*	俱	*/{0x4FF1, 20, 20, {0x06,0xFF,0x80,0x48,0x08,0x0C,0x80,0x80,0x8F,0xF8,0x18,0x80,0x83,0x88,0x08,0x38,0xFF,0x8F,0x88,0x08,0x58,0x80,0x81,0x8F,0xF8,0x18,0x80,0x81,0x88,0x08,0x1B,0xFF,0xE1,0x80,0x00,0x18,0x63,0x01,0x8C,0x18,0x19,0x80,0xC1,0xB0,0x06,0x00,0x00,0x00,0x00,0x00}},
/*	俲	*/{0x4FF2, 20, 20, {0x0D,0x83,0x00,0x8C,0x30,0x08,0x83,0x01,0xBF,0xB0,0x10,0x03,0x03,0x12,0x7E,0x33,0x13,0x2F,0x21,0xB2,0x56,0x2A,0x25,0x72,0x22,0x11,0xE2,0x21,0x0C,0x26,0x10,0x42,0x61,0x0A,0x66,0x11,0xB4,0x61,0x31,0x44,0x16,0x08,0x41,0x41,0x9C,0x00,0x10,0x00,0x00,0x00}},
/*	俳	*/{0x4FF3, 20, 20, {0x06,0x22,0x00,0x42,0x20,0x0C,0x22,0x00,0xBE,0x3E,0x18,0x22,0x03,0x82,0x20,0x38,0x22,0x07,0x82,0x20,0x5B,0xE3,0xE1,0x82,0x20,0x18,0x22,0x01,0x82,0x20,0x1B,0xE3,0xE1,0xBE,0x20,0x18,0x22,0x01,0x82,0x20,0x18,0x22,0x01,0x82,0x20,0x00,0x00,0x00,0x00,0x00}},
/*	俴	*/{0x4FF4, 20, 20, {0x00,0x02,0x00,0x43,0x70,0x0C,0x30,0x80,0xC1,0xFC,0x1B,0xFE,0x01,0x81,0x98,0x38,0x0F,0x03,0x80,0xE2,0xF8,0x7B,0x25,0x9E,0x1E,0x18,0x26,0x01,0x82,0x18,0x18,0x7F,0xC1,0xBF,0x80,0x18,0x19,0x81,0x80,0xB0,0x18,0x0E,0x21,0x87,0xF2,0x1B,0xC1,0xE0,0x00,0x00}},
/*	俵	*/{0x4FF5, 20, 20, {0x06,0x08,0x00,0x40,0x80,0x0D,0xFF,0xC0,0x80,0x80,0x18,0x08,0x03,0x9F,0xFC,0x38,0x08,0x07,0x80,0x80,0x5B,0xFF,0xE1,0x83,0xC0,0x18,0x64,0x41,0x9C,0x4E,0x1F,0x47,0x81,0xA4,0x30,0x18,0x4B,0x01,0x85,0x98,0x18,0xE0,0xE1,0x8C,0x06,0x00,0x00,0x00,0x00,0x00}},
/*	俶	*/{0x4FF6, 20, 20, {0x0C,0x40,0x00,0xC4,0x7E,0x08,0x78,0x61,0x84,0x66,0x10,0x46,0x63,0x04,0x26,0x70,0x42,0x47,0x7F,0xA4,0xD0,0x42,0x45,0x04,0x3C,0x13,0x53,0x81,0x25,0x98,0x12,0x49,0x81,0x64,0x98,0x14,0x43,0x81,0x04,0x6C,0x10,0x4C,0x61,0x1D,0xC2,0x00,0x00,0x00,0x00,0x00}},
/*	俷	*/{0x4FF7, 20, 20, {0x0F,0xEF,0xE0,0xA6,0x96,0x1A,0x69,0x61,0xA6,0x96,0x13,0x69,0x63,0x2E,0x96,0x72,0x69,0x67,0x26,0x96,0x52,0x6F,0xE1,0x26,0x86,0x13,0xE8,0x01,0x2E,0x80,0x12,0x68,0x01,0x26,0x82,0x12,0x68,0x21,0x26,0x82,0x16,0x68,0x61,0x4E,0xFC,0x00,0x00,0x00,0x00,0x00}},
/*	俸	*/{0x4FF8, 20, 20, {0x06,0x18,0x00,0x41,0x80,0x0D,0xFF,0xC0,0x81,0x00,0x19,0xFF,0xC3,0x83,0x00,0x38,0x20,0x0F,0xBF,0xFE,0x58,0x41,0x01,0x88,0x98,0x19,0x88,0xC1,0xEF,0xFE,0x18,0x08,0x01,0x80,0x80,0x19,0xFF,0xC1,0x80,0x80,0x18,0x08,0x01,0x80,0x80,0x00,0x00,0x00,0x00,0x00}},
/*	俹	*/{0x4FF9, 20, 20, {0x04,0x00,0x00,0xDF,0xFE,0x08,0x22,0x01,0x82,0x20,0x18,0x22,0x03,0x82,0x20,0x79,0xE3,0xE7,0x90,0x06,0x59,0x00,0x61,0x90,0x06,0x19,0x00,0x61,0x9E,0x3E,0x18,0x22,0x01,0x82,0x20,0x18,0x22,0x01,0x82,0x20,0x1B,0xFF,0xE1,0xBF,0xFE,0x00,0x00,0x00,0x00,0x00}},
/*	俺	*/{0x4FFA, 20, 20, {0x06,0x30,0x00,0xC3,0x00,0x0F,0xFF,0xE1,0x86,0x20,0x18,0x43,0x03,0x8C,0x18,0x39,0x99,0x8F,0x99,0x8E,0x5B,0xFF,0xF1,0xF9,0x88,0x19,0x98,0x81,0x9F,0xF8,0x19,0x98,0x81,0x99,0x88,0x19,0xFF,0x81,0x99,0x82,0x18,0x18,0x21,0x80,0xFC,0x00,0x00,0x00,0x00,0x00}},
/*	俻	*/{0x4FFB, 20, 20, {0x04,0x30,0x00,0xC6,0x00,0x08,0x7F,0x81,0x8C,0x18,0x19,0xE3,0x03,0xB3,0x60,0x78,0x1C,0x07,0x81,0xC0,0x58,0x77,0x01,0x9E,0x1E,0x1B,0x80,0x61,0x8F,0xF8,0x18,0x88,0x81,0x88,0x88,0x18,0xFF,0x81,0x88,0x88,0x18,0x88,0x81,0x8F,0xF8,0x00,0x00,0x00,0x00,0x00}},
/*	俼	*/{0x4FFC, 20, 20, {0x06,0x18,0x00,0x40,0xC0,0x0F,0xFF,0xE0,0x83,0x30,0x18,0x61,0x83,0x89,0xF8,0x39,0xFF,0xE7,0x80,0x04,0x58,0xFF,0x81,0x88,0x08,0x18,0x80,0x81,0x8F,0xF8,0x18,0x80,0x81,0x88,0x08,0x18,0xFF,0x81,0x88,0x08,0x18,0x80,0x81,0x88,0x78,0x00,0x00,0x00,0x00,0x00}},
/*	俽	*/{0x4FFD, 20, 20, {0x0C,0x32,0x00,0xBE,0x20,0x1B,0x06,0x01,0x30,0x7E,0x33,0x04,0x63,0x3F,0x74,0x73,0x6F,0x45,0x36,0xBC,0x53,0x6B,0x41,0x36,0x30,0x13,0x63,0x01,0x26,0x30,0x12,0x63,0x81,0x26,0x68,0x12,0x64,0x81,0x66,0xCC,0x14,0x68,0x61,0x47,0x82,0x00,0x00,0x00,0x00,0x00}},
/*	俾	*/{0x4FFE, 20, 20, {0x06,0x0C,0x00,0x41,0x80,0x0D,0xFF,0xC0,0x90,0x84,0x19,0x08,0x43,0x9F,0xFC,0x79,0x08,0x4F,0x90,0x84,0x59,0x08,0x41,0x9F,0xFC,0x18,0x16,0x01,0x87,0x60,0x19,0xC6,0x01,0xBF,0xFE,0x18,0x06,0x01,0x80,0x60,0x18,0x06,0x01,0x80,0x60,0x00,0x00,0x00,0x00,0x00}},
/*	俿	*/{0x4FFF, 20, 20, {0x06,0x18,0x00,0x41,0xFC,0x0C,0x18,0x00,0x9F,0xFE,0x19,0x00,0x63,0x91,0x84,0x39,0x1F,0x47,0x97,0x80,0x59,0x18,0x61,0x90,0xFC,0x19,0x00,0x01,0x93,0xF0,0x19,0x33,0x01,0x93,0x30,0x1B,0x33,0x21,0xB2,0x32,0x1A,0x63,0x21,0xEC,0x3E,0x00,0x80,0x00,0x00,0x00}},
/*	###	*/{0x0000, 0, 0, {}}
});

}} // namespace lui::ext

#define FONT_20_COUNT 607
#endif //APSISUI2_FONT_20_H
